[2026-10-07 19:30:27] ============================================================
[2026-10-07 19:30:27] Auto-scraper-detalle iniciado
[2026-10-07 19:30:27] Scrapper: D:\Proyectos_personales\Zacah_Valuer\src\scraping\selenium\scrapper_detalle.py
[2026-10-07 19:30:27] Intervalo: 0.5 min entre corridas
[2026-10-07 19:30:27] ============================================================
[2026-10-07 19:30:27] --- Corrida #1 ---
[2026-10-07 19:30:27]     Estado actual: (sin datos)
[2026-10-07 19:38:20]   URLs done: 0 | skipped: 0 | failed: 0
[2026-10-07 19:38:20]   Páginas completadas: 0 -> []
[2026-10-07 19:38:20]   
[2026-10-07 19:38:20]   Página inicial a procesar: 1
[2026-10-07 19:38:20]   
[2026-10-07 19:38:20]   ==================================================
[2026-10-07 19:38:20]   [LISTADO] Página 1: https://www.inmuebles24.com/casas-en-venta-en-gustavo-a.-madero-incluir-comercializa-remates-publisher.html?utm_source=google&utm_medium=cpc&utm_campaign=Search_Sale_CMX-EMX_Tipo-inmueble_DSA&utm_content=Casas-CMX&gad_source=1
[2026-10-07 19:38:20]   ==================================================
[2026-10-07 19:38:20]     URLs en página: 30 | pendientes: 30
[2026-10-07 19:38:20]   
[2026-10-07 19:38:20]     [1/40] https://www.inmuebles24.com/propiedades/clasificado/veclcain-bella-casa-en-guadalupe-tepeyac!-141852...
[2026-10-07 19:38:20]       → OK. $1,250,000 | Casa | Terr 150 | Cons 150 | Guadalupe Tepeyac | Ant 20
[2026-10-07 19:38:20]   
[2026-10-07 19:38:20]     [2/40] https://www.inmuebles24.com/propiedades/clasificado/veclcain--gran-oportunidad!-depto-en-venta-a-un-...
[2026-10-07 19:38:20]       → OK. $889,000 | Casa | Terr 70 | Cons 70 | Residencial Zacatenco | Ant 16
[2026-10-07 19:38:20]   
[2026-10-07 19:38:20]     [3/40] https://www.inmuebles24.com/propiedades/clasificado/veclcain-casa-en-venta-en-col.-lindavista-143111...
[2026-10-07 19:38:20]       → OK. $1,000,000 | Casa | Terr 217 | Cons 499 | Lindavista | Ant 30
[2026-10-07 19:38:20]   
[2026-10-07 19:38:20]     [4/40] https://www.inmuebles24.com/propiedades/clasificado/veclcain-casa-en-venta-en-col.-estrella-gustavo-...
[2026-10-07 19:38:20]       → OK. $1,040,000 | Casa | Terr 123 | Cons 164 | Estrella | Ant 22
[2026-10-07 19:38:20]   
[2026-10-07 19:38:20]     [5/40] https://www.inmuebles24.com/propiedades/clasificado/veclcain-casa-en-calle-juan-bosco-no-107-lt-4-mz...
[2026-10-07 19:38:20]       → OK. $1,000,000 | Casa | Terr 120 | Cons 60 | Vasco de Quiroga | Ant 31
[2026-10-07 19:38:20]   
[2026-10-07 19:38:20]     [6/40] https://www.inmuebles24.com/propiedades/clasificado/veclcain-casa-en-venta-martin-carrera-149257950....
[2026-10-07 19:38:20]       → OK. $1,790,800 | Casa | Terr 273 | Cons 273 | Estanzuela | Ant 0
[2026-10-07 19:38:20]   
[2026-10-07 19:38:20]     [7/40] https://www.inmuebles24.com/propiedades/clasificado/veclcain-casa-en-calle-tetrazzini-no-232-col-ind...
[2026-10-07 19:38:20]       → OK. $890,000 | Casa | Terr 50 | Cons 50 | Nueva Industrial Vallejo | Ant 10
[2026-10-07 19:38:20]   
[2026-10-07 19:38:20]     [8/40] https://www.inmuebles24.com/propiedades/clasificado/veclcain--gran-oportunidad!-casa-de-remate-en-gu...
[2026-10-07 19:38:20]       → OK. $627,000 | Casa | Terr 196 | Cons 282 | San Felipe de Jesús | Ant 29
[2026-10-07 19:38:20]   
[2026-10-07 19:38:20]     [9/40] https://www.inmuebles24.com/propiedades/clasificado/veclcain-casa-en-venta-en-lindavista-norte-15099...
[2026-10-07 19:38:20]       → OK. $2,852,000 | Casa | Terr 291 | Cons 330 | Lindavista Norte | Ant 18
[2026-10-07 19:38:20]   
[2026-10-07 19:38:20]     [10/40] https://www.inmuebles24.com/propiedades/clasificado/veclcain-se-vende-casa-en-col-industrial-1478499...
[2026-10-07 19:38:20]       → OK. $1,300,000 | Casa | Terr 163 | Cons 370 | Industrial | Ant 12
[2026-10-07 19:38:20]   
[2026-10-07 19:38:20]     [11/40] https://www.inmuebles24.com/propiedades/clasificado/veclcain-casa-en-nuevo-vallejo-remate-bancario-c...
[2026-10-07 19:38:20]       → OK. $1,390,000 | Casa | Terr 160 | Cons 160 | Nueva Vallejo | Ant 10
[2026-10-07 19:38:20]   
[2026-10-07 19:38:20]     [12/40] https://www.inmuebles24.com/propiedades/clasificado/veclcain-casa-en-venta-en-lindavista-sur-1512358...
[2026-10-07 19:38:20]       → OK. $2,145,000 | Casa | Terr 245 | Cons 364 | Lindavista Sur | Ant 49
[2026-10-07 19:38:20]   
[2026-10-07 19:38:20]     [13/40] https://www.inmuebles24.com/propiedades/clasificado/veclcain-remate-bancario-casa-en-vallejo-gustavo...
[2026-10-07 19:38:20]       → OK. $548,890 | Casa | Terr 50 | Cons 50 | Vallejo | Ant 5
[2026-10-07 19:38:20]   
[2026-10-07 19:38:20]     [14/40] https://www.inmuebles24.com/propiedades/clasificado/veclcain-remato-casa-en-lindavista-norte-gustavo...
[2026-10-07 19:38:20]       → OK. $1,672,000 | Casa | Terr 140 | Cons 140 | Lindavista Norte | Ant 19
[2026-10-07 19:38:20]   
[2026-10-07 19:38:20]     [15/40] https://www.inmuebles24.com/propiedades/clasificado/veclcain-casa-en-valle-del-tepeyac-g.-a.-m.-cdmx...
[2026-10-07 19:38:20]       → OK. $2,240,193 | Casa | Terr 430 | Cons 4480 | Valle del Tepeyac | Ant 7
[2026-10-07 19:38:20]   
[2026-10-07 19:38:20]     [16/40] https://www.inmuebles24.com/propiedades/clasificado/veclcain-casa-en-excelsior-239-guadalupe-insurge...
[2026-10-07 19:38:20]       → OK. $8,000,000 | Casa | Terr 223 | Cons 277 | Guadalupe Insurgentes | Ant 63
[2026-10-07 19:38:20]   
[2026-10-07 19:38:20]     [17/40] https://www.inmuebles24.com/propiedades/clasificado/veclcain-casa-venta-remate-lindavista-vallejo-gu...
[2026-10-07 19:38:20]       → OK. $1,490,000 | Casa | Terr 160 | Cons 160 | Lindavista Vallejo | Ant 10
[2026-10-07 19:38:20]   
[2026-10-07 19:38:20]     [18/40] https://www.inmuebles24.com/propiedades/clasificado/veclcain-casa-en-venta-en-guadalupe-tepeyac-1449...
[2026-10-07 19:38:20]       → OK. $2,200,000 | Casa | Terr 200 | Cons 150 | Guadalupe Tepeyac | Ant 45
[2026-10-07 19:38:20]   
[2026-10-07 19:38:20]     [19/40] https://www.inmuebles24.com/propiedades/clasificado/veclcain-casa-en-venta-en-guadalupe-tepeyac-en-a...
[2026-10-07 19:38:20]       → OK. $8,980,000 | Casa | Terr 190 | Cons 284 | Guadalupe Tepeyac | Ant 20
[2026-10-07 19:38:20]   
[2026-10-07 19:38:20]     [20/40] https://www.inmuebles24.com/propiedades/clasificado/veclcain-casa-con-196-m-sup2--superficie-de-terr...
[2026-10-07 19:38:20]       → OK. $1,120,000 | Casa | Terr 196 | Cons 337 | Lindavista Norte | Ant 55
[2026-10-07 19:38:20]   
[2026-10-07 19:38:20]     [21/40] https://www.inmuebles24.com/propiedades/clasificado/veclcain-casa-adjudicada-en-san-juan-de-aragon-v...
[2026-10-07 19:38:20]       → OK. $2,300,000 | Casa | Terr 128 | Cons 250 | Gustavo A. Madero | Ant 33
[2026-10-07 19:38:20]   
[2026-10-07 19:38:20]     [22/40] https://www.inmuebles24.com/propiedades/clasificado/veclcain-se-venda-casa-en-guadalupe-tepeyac-1493...
[2026-10-07 19:38:20]       → OK. $1,100,000 | Casa | Terr 136 | Cons 95 | Guadalupe Tepeyac | Ant 32
[2026-10-07 19:38:20]   
[2026-10-07 19:38:20]     [23/40] https://www.inmuebles24.com/propiedades/clasificado/veclcain-se-vende-casa-en-vallejo-147974211.html...
[2026-10-07 19:38:20]       → OK. $1,250,000 | Casa | Terr 151 | Cons 214 | Gustavo A. Madero | Ant 10
[2026-10-07 19:38:20]   
[2026-10-07 19:38:20]     [24/40] https://www.inmuebles24.com/propiedades/clasificado/veclcain-gran-oportunidad-para-adquirir-un-inmue...
[2026-10-07 19:38:20]       → OK. $3,600,000 | Casa | Terr 197 | Cons 372 | Lindavista Norte | Ant 28
[2026-10-07 19:38:20]   
[2026-10-07 19:38:20]     [25/40] https://www.inmuebles24.com/propiedades/clasificado/veclcain-se-vende-casa-en-gustavo-a-madero-14467...
[2026-10-07 19:38:20]       → OK. $750,000 | Casa | Terr 149 | Cons 278 | Industrial | Ant 15
[2026-10-07 19:38:20]   
[2026-10-07 19:38:20]     [26/40] https://www.inmuebles24.com/propiedades/clasificado/veclcain-casa-en-venta-en-san-pedro-zacatenco-15...
[2026-10-07 19:38:20]       → OK. $1,150,000 | Casa | Terr 105 | Cons 100 | San Pedro Zacatenco | Ant 25
[2026-10-07 19:38:20]   
[2026-10-07 19:38:20]     [27/40] https://www.inmuebles24.com/propiedades/clasificado/veclcain-casa-en-venta-en-san-juan-de-aragon-and...
[2026-10-07 19:38:20]       → OK. $1,050,000 | Casa | Terr 50 | Cons 90 | San Juan de Aragón | Ant 10
[2026-10-07 19:38:20]   
[2026-10-07 19:38:20]     [28/40] https://www.inmuebles24.com/propiedades/clasificado/veclcain-casa-en-venta-en-guadalupe-insurgentes-...
[2026-10-07 19:38:20]       → OK. $6,800,000 | Casa | Terr 223 | Cons 223 | Industrial | Ant 40
[2026-10-07 19:38:20]   
[2026-10-07 19:38:20]     [29/40] https://www.inmuebles24.com/propiedades/clasificado/veclcain-casa-en-valle-del-tepeyac-g.-a.-m.-cdmx...
[2026-10-07 19:38:20]       → OK. $2,240,193 | Casa | Terr 430 | Cons 480 | Valle del Tepeyac | Ant 7
[2026-10-07 19:38:20]   
[2026-10-07 19:38:20]     [30/40] https://www.inmuebles24.com/propiedades/clasificado/veclcain-casa-en-venta-en-villa-de-aragon-146058...
[2026-10-07 19:38:20]       → OK. $784,000 | Casa | Terr 122 | Cons 185 | Villa de Aragón | Ant 24
[2026-10-07 19:38:20]   
[2026-10-07 19:38:20]     ✅ Página 1 COMPLETA. Marcada como done.
[2026-10-07 19:38:20]   
[2026-10-07 19:38:20]   ==================================================
[2026-10-07 19:38:20]   [LISTADO] Página 2: https://www.inmuebles24.com/casas-en-venta-en-gustavo-a.-madero-incluir-comercializa-remates-publisher.html?utm_source=google&utm_medium=cpc&utm_campaign=Search_Sale_CMX-EMX_Tipo-inmueble_DSA&utm_content=Casas-CMX&gad_source=1&page=2
[2026-10-07 19:38:20]   ==================================================
[2026-10-07 19:38:20]     URLs en página: 30 | pendientes: 10
[2026-10-07 19:38:20]   
[2026-10-07 19:38:20]     [31/40] https://www.inmuebles24.com/propiedades/clasificado/veclcain-venta-de-casa-en-553.-san-juan-de-arago...
[2026-10-07 19:38:20]       → OK. $2,145,000 | Casa | Terr 269 | Cons 269 | San Juan de Aragón II Secc | Ant 25
[2026-10-07 19:38:20]   
[2026-10-07 19:38:20]     [32/40] https://www.inmuebles24.com/propiedades/clasificado/veclcain-casa-en-venta-en-san-felipe-de-jesus-15...
[2026-10-07 19:38:20]       → OK. $700,000 | Casa | Terr 194 | Cons 436 | San Felipe de Jesús | Ant 15
[2026-10-07 19:38:20]   
[2026-10-07 19:38:20]     [33/40] https://www.inmuebles24.com/propiedades/clasificado/veclcain-casa-en-venta-en-oroya-549-churubusco-t...
[2026-10-07 19:38:20]       → OK. $5,000,000 | Casa | Terr 147 | Cons 170 | Valle del Tepeyac | Ant 20
[2026-10-07 19:38:20]   
[2026-10-07 19:38:20]     [34/40] https://www.inmuebles24.com/propiedades/clasificado/veclcain-se-vende-casa-en-gustavo-a.-madero-1439...
[2026-10-07 19:38:20]       → OK. $1,000,000 | Casa | Terr 149 | Cons 278 | Industrial | Ant 18
[2026-10-07 19:38:20]   
[2026-10-07 19:38:20]     [35/40] https://www.inmuebles24.com/propiedades/clasificado/veclcain-se-vende-casa-en-linda-vista-norte-1478...
[2026-10-07 19:38:20]       → OK. $1,200,000 | Casa | Terr 215 | Cons 243 | Lindavista Norte | Ant 10
[2026-10-07 19:38:20]   
[2026-10-07 19:38:20]     [36/40] https://www.inmuebles24.com/propiedades/clasificado/veclcain-casa-en-venta-en-bogota-614-lindavista-...
[2026-10-07 19:38:20]       → OK. $1,400,000 | Casa | Terr 179 | Cons 230 | Gustavo A. Madero | Ant 10
[2026-10-07 19:38:20]   
[2026-10-07 19:38:20]     [37/40] https://www.inmuebles24.com/propiedades/clasificado/veclcain-casa-de-202-m-sup2--con-3-recamaras-en-...
[2026-10-07 19:38:20]       → OK. $1,385,000 | Casa | Terr 202 | Cons 155 | Vasco de Quiroga | Ant 15
[2026-10-07 19:38:20]   
[2026-10-07 19:38:20]     [38/40] https://www.inmuebles24.com/propiedades/clasificado/veclcain-propiedad-en-calle-juan-bosco-107-vasco...
[2026-10-07 19:38:20]       → OK. $1,100,000 | Casa | Terr 100 | Cons 120 | Vasco de Quiroga | Ant 32
[2026-10-07 19:38:20]   
[2026-10-07 19:38:20]     [39/40] https://www.inmuebles24.com/propiedades/clasificado/veclcain-casa-de-156-m-sup2--con-3-recamaras-en-...
[2026-10-07 19:38:20]       → OK. $1,275,000 | Casa | Terr 156 | Cons 262 | Valle del Tepeyac | Ant 50
[2026-10-07 19:38:20]   
[2026-10-07 19:38:20]     [40/40] https://www.inmuebles24.com/propiedades/clasificado/veclcain-casa-en-venta-en-ctm-el-risco-149688179...
[2026-10-07 19:38:20]       → OK. $1,550,000 | Casa | Terr 190 | Cons 220 | C.T.M. El Risco | Ant 21
[2026-10-07 19:38:20]   
[2026-10-07 19:38:20]     ✅ Página 2 COMPLETA. Marcada como done.
[2026-10-07 19:38:20]   
[2026-10-07 19:38:20]   ==================================================
[2026-10-07 19:38:20]   Corrida terminada.
[2026-10-07 19:38:20]     Guardadas (casa/dpto): 40
[2026-10-07 19:38:20]     Omitidas (no habit.):  0
[2026-10-07 19:38:20]     Fallidas:              0
[2026-10-07 19:38:20]     ---
[2026-10-07 19:38:20]     Total URLs done:       40
[2026-10-07 19:38:20]     Total omitidas:        0
[2026-10-07 19:38:20]     Total fallidas:        0
[2026-10-07 19:38:20]     Páginas completas:     2
[2026-10-07 19:38:20]     CSV: D:\Proyectos_personales\Zacah_Valuer\data\bronze\casas_gam_full.csv
[2026-10-07 19:38:20]   ==================================================
[2026-10-07 19:38:20]     Corrida tomó 7.9 min
[2026-10-07 19:38:20]     Estado después: páginas done: 2 | URLs done: 40 | skipped: 0 | failed: 0
[2026-10-07 19:38:20] Durmiendo 0.5 minutos...
[2026-10-07 19:38:50] --- Corrida #2 ---
[2026-10-07 19:38:50]     Estado actual: páginas done: 2 | URLs done: 40 | skipped: 0 | failed: 0
[2026-10-07 20:05:30]   URLs done: 40 | skipped: 0 | failed: 0
[2026-10-07 20:05:30]   Páginas completadas: 2 -> [1, 2]
[2026-10-07 20:05:30]   Filas ya enriquecidas en CSV: 40
[2026-10-07 20:05:30]   
[2026-10-07 20:05:30]   Página inicial a procesar: 3
[2026-10-07 20:05:30]   
[2026-10-07 20:05:30]   ==================================================
[2026-10-07 20:05:30]   [LISTADO] Página 3: https://www.inmuebles24.com/casas-en-venta-en-gustavo-a.-madero-incluir-comercializa-remates-publisher.html?utm_source=google&utm_medium=cpc&utm_campaign=Search_Sale_CMX-EMX_Tipo-inmueble_DSA&utm_content=Casas-CMX&gad_source=1&page=3
[2026-10-07 20:05:30]   ==================================================
[2026-10-07 20:05:30]     URLs en página: 30 | pendientes: 5
[2026-10-07 20:05:30]   
[2026-10-07 20:05:30]     [1/40] https://www.inmuebles24.com/propiedades/clasificado/veclcain-casa-en-venta-en-managua-877-lindavista...
[2026-10-07 20:05:30]       → OK. $2,000,000 | Casa | Terr 458 | Cons 382 | Lindavista Norte | Ant 8
[2026-10-07 20:05:30]   
[2026-10-07 20:05:30]     [2/40] https://www.inmuebles24.com/propiedades/clasificado/veclcain-casa-en-venta-en-gustavo-a-madero-67059...
[2026-10-07 20:05:30]       → OK. $970,000 | Casa | Terr 152 | Cons 225 | Gertrudiz Sánchez | Ant 23
[2026-10-07 20:05:30]   
[2026-10-07 20:05:30]     [3/40] https://www.inmuebles24.com/propiedades/clasificado/veclcain-casa-en-venta-ampliacion-progreso-nacio...
[2026-10-07 20:05:30]       → OK. $2,214,500 | Casa | Terr 140 | Cons 343 | Ampliación Progreso Nacional | Ant 35
[2026-10-07 20:05:30]   
[2026-10-07 20:05:30]     [4/40] https://www.inmuebles24.com/propiedades/clasificado/veclcain-vendo-casa-en-guadalupe-insurgentes-gus...
[2026-10-07 20:05:30]       → OK. $8,000,000 | Casa | Terr 223 | Cons 277 | Guadalupe Insurgentes | Ant 19
[2026-10-07 20:05:30]   
[2026-10-07 20:05:30]     [5/40] https://www.inmuebles24.com/propiedades/clasificado/veclcain-se-vende-casa-en-col.-estrella-14785901...
[2026-10-07 20:05:30]       → OK. $1,200,000 | Casa | Terr 115 | Cons 122 | Estrella | Ant 12
[2026-10-07 20:05:30]   
[2026-10-07 20:05:30]     ✅ Página 3 COMPLETA. Marcada como done.
[2026-10-07 20:05:30]   
[2026-10-07 20:05:30]   ==================================================
[2026-10-07 20:05:30]   [LISTADO] Página 4: https://www.inmuebles24.com/casas-en-venta-en-gustavo-a.-madero-incluir-comercializa-remates-publisher.html?utm_source=google&utm_medium=cpc&utm_campaign=Search_Sale_CMX-EMX_Tipo-inmueble_DSA&utm_content=Casas-CMX&gad_source=1&page=4
[2026-10-07 20:05:30]   ==================================================
[2026-10-07 20:05:30]     URLs en página: 30 | pendientes: 5
[2026-10-07 20:05:30]   
[2026-10-07 20:05:30]     [6/40] https://www.inmuebles24.com/propiedades/clasificado/veclcain-vendo-casa-en-san-juan-de-aragon-gustav...
[2026-10-07 20:05:30]       → OK. $2,170,600 | Casa | Terr 127 | Cons 212 | San Juan de Aragón | Ant 19
[2026-10-07 20:05:30]   
[2026-10-07 20:05:30]     [7/40] https://www.inmuebles24.com/propiedades/clasificado/veclcain-casa-en-venta-en-matagalpa-932-lindavis...
[2026-10-07 20:05:30]       → OK. $950,000 | Casa | Terr 295 | Cons 361 | Lindavista Norte | Ant 8
[2026-10-07 20:05:30]   
[2026-10-07 20:05:30]     [8/40] https://www.inmuebles24.com/propiedades/clasificado/veclcain-casa-en-san-juan-de-aragon-excelente-pr...
[2026-10-07 20:05:30]       → OK. $850,000 | Casa | Terr 97 | Cons 165 | Gustavo A. Madero | Ant 47
[2026-10-07 20:05:30]   
[2026-10-07 20:05:30]     [9/40] https://www.inmuebles24.com/propiedades/clasificado/veclcain-venta-de-casa-san-juan-de-aragon-149295...
[2026-10-07 20:05:30]       → OK. $900,000 | Casa | Terr 168 | Cons 300 | San Juan de Aragón | Ant 17
[2026-10-07 20:05:30]   
[2026-10-07 20:05:30]     [10/40] https://www.inmuebles24.com/propiedades/clasificado/veclcain-bonita-casa-en-guadalupe-tepeyac!-14167...
[2026-10-07 20:05:30]       → OK. $1,650,000 | Casa | Terr 247 | Cons 247 | Guadalupe Tepeyac | Ant 25
[2026-10-07 20:05:30]   
[2026-10-07 20:05:30]     ✅ Página 4 COMPLETA. Marcada como done.
[2026-10-07 20:05:30]   
[2026-10-07 20:05:30]   ==================================================
[2026-10-07 20:05:30]   [LISTADO] Página 5: https://www.inmuebles24.com/casas-en-venta-en-gustavo-a.-madero-incluir-comercializa-remates-publisher.html?utm_source=google&utm_medium=cpc&utm_campaign=Search_Sale_CMX-EMX_Tipo-inmueble_DSA&utm_content=Casas-CMX&gad_source=1&page=5
[2026-10-07 20:05:30]   ==================================================
[2026-10-07 20:05:30]     URLs en página: 30 | pendientes: 0
[2026-10-07 20:05:30]   
[2026-10-07 20:05:30]     ✅ Página 5 COMPLETA. Marcada como done.
[2026-10-07 20:05:30]   
[2026-10-07 20:05:30]   ==================================================
[2026-10-07 20:05:30]   [LISTADO] Página 6: https://www.inmuebles24.com/casas-en-venta-en-gustavo-a.-madero-incluir-comercializa-remates-publisher.html?utm_source=google&utm_medium=cpc&utm_campaign=Search_Sale_CMX-EMX_Tipo-inmueble_DSA&utm_content=Casas-CMX&gad_source=1&page=6
[2026-10-07 20:05:30]   ==================================================
[2026-10-07 20:05:30]     URLs en página: 30 | pendientes: 0
[2026-10-07 20:05:30]   
[2026-10-07 20:05:30]     ✅ Página 6 COMPLETA. Marcada como done.
[2026-10-07 20:05:30]   
[2026-10-07 20:05:30]   ==================================================
[2026-10-07 20:05:30]   [LISTADO] Página 7: https://www.inmuebles24.com/casas-en-venta-en-gustavo-a.-madero-incluir-comercializa-remates-publisher.html?utm_source=google&utm_medium=cpc&utm_campaign=Search_Sale_CMX-EMX_Tipo-inmueble_DSA&utm_content=Casas-CMX&gad_source=1&page=7
[2026-10-07 20:05:30]   ==================================================
[2026-10-07 20:05:30]     URLs en página: 30 | pendientes: 4
[2026-10-07 20:05:30]   
[2026-10-07 20:05:30]     [11/40] https://www.inmuebles24.com/propiedades/clasificado/veclcain-casa-en-venta-unidad-ctm-el-risco-14973...
[2026-10-07 20:05:30]       → OK. $1,500,000 | Casa | Terr 76 | Cons 105 | Gustavo A. Madero | Ant 33
[2026-10-07 20:05:30]   
[2026-10-07 20:05:30]     [12/40] https://www.inmuebles24.com/propiedades/clasificado/veclcain-casa-en-venta-en-felipe-de-berriozabal-...
[2026-10-07 20:05:30]       → OK. $3,200,000 | Casa | Terr 80 | Cons 80 | General Felipe Berriozabal | Ant 4
[2026-10-07 20:05:30]   
[2026-10-07 20:05:30]     [13/40] https://www.inmuebles24.com/propiedades/clasificado/veclcain-casa-adjudicada-en-guadalupe-insurgente...
[2026-10-07 20:05:30]       → OK. $8,200,000 | Casa | Terr 233 | Cons 277 | Guadalupe Insurgentes | Ant 25
[2026-10-07 20:05:30]   
[2026-10-07 20:05:30]     [14/40] https://www.inmuebles24.com/propiedades/clasificado/veclcain-se-vende-casa-en-colonia-la-estrella-14...
[2026-10-07 20:05:30]       → OK. $1,100,000 | Casa | Terr 137 | Cons 104 | Estrella | Ant 28
[2026-10-07 20:05:30]   
[2026-10-07 20:05:30]     ✅ Página 7 COMPLETA. Marcada como done.
[2026-10-07 20:05:30]   
[2026-10-07 20:05:30]   ==================================================
[2026-10-07 20:05:30]   [LISTADO] Página 8: https://www.inmuebles24.com/casas-en-venta-en-gustavo-a.-madero-incluir-comercializa-remates-publisher.html?utm_source=google&utm_medium=cpc&utm_campaign=Search_Sale_CMX-EMX_Tipo-inmueble_DSA&utm_content=Casas-CMX&gad_source=1&page=8
[2026-10-07 20:05:30]   ==================================================
[2026-10-07 20:05:30]     URLs en página: 30 | pendientes: 0
[2026-10-07 20:05:30]   
[2026-10-07 20:05:30]     ✅ Página 8 COMPLETA. Marcada como done.
[2026-10-07 20:05:30]   
[2026-10-07 20:05:30]   ==================================================
[2026-10-07 20:05:30]   [LISTADO] Página 9: https://www.inmuebles24.com/casas-en-venta-en-gustavo-a.-madero-incluir-comercializa-remates-publisher.html?utm_source=google&utm_medium=cpc&utm_campaign=Search_Sale_CMX-EMX_Tipo-inmueble_DSA&utm_content=Casas-CMX&gad_source=1&page=9
[2026-10-07 20:05:30]   ==================================================
[2026-10-07 20:05:30]     URLs en página: 30 | pendientes: 0
[2026-10-07 20:05:30]   
[2026-10-07 20:05:30]     ✅ Página 9 COMPLETA. Marcada como done.
[2026-10-07 20:05:30]   
[2026-10-07 20:05:30]   ==================================================
[2026-10-07 20:05:30]   [LISTADO] Página 10: https://www.inmuebles24.com/casas-en-venta-en-gustavo-a.-madero-incluir-comercializa-remates-publisher.html?utm_source=google&utm_medium=cpc&utm_campaign=Search_Sale_CMX-EMX_Tipo-inmueble_DSA&utm_content=Casas-CMX&gad_source=1&page=10
[2026-10-07 20:05:30]   ==================================================
[2026-10-07 20:05:30]     URLs en página: 30 | pendientes: 0
[2026-10-07 20:05:30]   
[2026-10-07 20:05:30]     ✅ Página 10 COMPLETA. Marcada como done.
[2026-10-07 20:05:30]   
[2026-10-07 20:05:30]   ==================================================
[2026-10-07 20:05:30]   [LISTADO] Página 11: https://www.inmuebles24.com/casas-en-venta-en-gustavo-a.-madero-incluir-comercializa-remates-publisher.html?utm_source=google&utm_medium=cpc&utm_campaign=Search_Sale_CMX-EMX_Tipo-inmueble_DSA&utm_content=Casas-CMX&gad_source=1&page=11
[2026-10-07 20:05:30]   ==================================================
[2026-10-07 20:05:30]     URLs en página: 30 | pendientes: 0
[2026-10-07 20:05:30]   
[2026-10-07 20:05:30]     ✅ Página 11 COMPLETA. Marcada como done.
[2026-10-07 20:05:30]   
[2026-10-07 20:05:30]   ==================================================
[2026-10-07 20:05:30]   [LISTADO] Página 12: https://www.inmuebles24.com/casas-en-venta-en-gustavo-a.-madero-incluir-comercializa-remates-publisher.html?utm_source=google&utm_medium=cpc&utm_campaign=Search_Sale_CMX-EMX_Tipo-inmueble_DSA&utm_content=Casas-CMX&gad_source=1&page=12
[2026-10-07 20:05:30]   ==================================================
[2026-10-07 20:05:30]     URLs en página: 30 | pendientes: 0
[2026-10-07 20:05:30]   
[2026-10-07 20:05:30]     ✅ Página 12 COMPLETA. Marcada como done.
[2026-10-07 20:05:30]   
[2026-10-07 20:05:30]   ==================================================
[2026-10-07 20:05:30]   [LISTADO] Página 13: https://www.inmuebles24.com/casas-en-venta-en-gustavo-a.-madero-incluir-comercializa-remates-publisher.html?utm_source=google&utm_medium=cpc&utm_campaign=Search_Sale_CMX-EMX_Tipo-inmueble_DSA&utm_content=Casas-CMX&gad_source=1&page=13
[2026-10-07 20:05:30]   ==================================================
[2026-10-07 20:05:30]     URLs en página: 30 | pendientes: 0
[2026-10-07 20:05:30]   
[2026-10-07 20:05:30]     ✅ Página 13 COMPLETA. Marcada como done.
[2026-10-07 20:05:30]   
[2026-10-07 20:05:30]   ==================================================
[2026-10-07 20:05:30]   [LISTADO] Página 14: https://www.inmuebles24.com/casas-en-venta-en-gustavo-a.-madero-incluir-comercializa-remates-publisher.html?utm_source=google&utm_medium=cpc&utm_campaign=Search_Sale_CMX-EMX_Tipo-inmueble_DSA&utm_content=Casas-CMX&gad_source=1&page=14
[2026-10-07 20:05:30]   ==================================================
[2026-10-07 20:05:30]     URLs en página: 30 | pendientes: 0
[2026-10-07 20:05:30]   
[2026-10-07 20:05:30]     ✅ Página 14 COMPLETA. Marcada como done.
[2026-10-07 20:05:30]   
[2026-10-07 20:05:30]   ==================================================
[2026-10-07 20:05:30]   [LISTADO] Página 15: https://www.inmuebles24.com/casas-en-venta-en-gustavo-a.-madero-incluir-comercializa-remates-publisher.html?utm_source=google&utm_medium=cpc&utm_campaign=Search_Sale_CMX-EMX_Tipo-inmueble_DSA&utm_content=Casas-CMX&gad_source=1&page=15
[2026-10-07 20:05:30]   ==================================================
[2026-10-07 20:05:30]     URLs en página: 30 | pendientes: 0
[2026-10-07 20:05:30]   
[2026-10-07 20:05:30]     ✅ Página 15 COMPLETA. Marcada como done.
[2026-10-07 20:05:30]   
[2026-10-07 20:05:30]   ==================================================
[2026-10-07 20:05:30]   [LISTADO] Página 16: https://www.inmuebles24.com/casas-en-venta-en-gustavo-a.-madero-incluir-comercializa-remates-publisher.html?utm_source=google&utm_medium=cpc&utm_campaign=Search_Sale_CMX-EMX_Tipo-inmueble_DSA&utm_content=Casas-CMX&gad_source=1&page=16
[2026-10-07 20:05:30]   ==================================================
[2026-10-07 20:05:30]     URLs en página: 30 | pendientes: 0
[2026-10-07 20:05:30]   
[2026-10-07 20:05:30]     ✅ Página 16 COMPLETA. Marcada como done.
[2026-10-07 20:05:30]   
[2026-10-07 20:05:30]   ==================================================
[2026-10-07 20:05:30]   [LISTADO] Página 17: https://www.inmuebles24.com/casas-en-venta-en-gustavo-a.-madero-incluir-comercializa-remates-publisher.html?utm_source=google&utm_medium=cpc&utm_campaign=Search_Sale_CMX-EMX_Tipo-inmueble_DSA&utm_content=Casas-CMX&gad_source=1&page=17
[2026-10-07 20:05:30]   ==================================================
[2026-10-07 20:05:30]     URLs en página: 30 | pendientes: 0
[2026-10-07 20:05:30]   
[2026-10-07 20:05:30]     ✅ Página 17 COMPLETA. Marcada como done.
[2026-10-07 20:05:30]   
[2026-10-07 20:05:30]   ==================================================
[2026-10-07 20:05:30]   [LISTADO] Página 18: https://www.inmuebles24.com/casas-en-venta-en-gustavo-a.-madero-incluir-comercializa-remates-publisher.html?utm_source=google&utm_medium=cpc&utm_campaign=Search_Sale_CMX-EMX_Tipo-inmueble_DSA&utm_content=Casas-CMX&gad_source=1&page=18
[2026-10-07 20:05:30]   ==================================================
[2026-10-07 20:05:30]     URLs en página: 30 | pendientes: 1
[2026-10-07 20:05:30]   
[2026-10-07 20:05:30]     [15/40] https://www.inmuebles24.com/propiedades/clasificado/veclcain-casa-en-venta-en-casma-720-lindavista-s...
[2026-10-07 20:05:30]       → OK. $2,600,000 | Casa | Terr 180 | Cons 262 | Lindavista Sur | Ant 10
[2026-10-07 20:05:30]   
[2026-10-07 20:05:30]     ✅ Página 18 COMPLETA. Marcada como done.
[2026-10-07 20:05:30]   
[2026-10-07 20:05:30]   ==================================================
[2026-10-07 20:05:30]   [LISTADO] Página 19: https://www.inmuebles24.com/casas-en-venta-en-gustavo-a.-madero-incluir-comercializa-remates-publisher.html?utm_source=google&utm_medium=cpc&utm_campaign=Search_Sale_CMX-EMX_Tipo-inmueble_DSA&utm_content=Casas-CMX&gad_source=1&page=19
[2026-10-07 20:05:30]   ==================================================
[2026-10-07 20:05:30]     URLs en página: 30 | pendientes: 0
[2026-10-07 20:05:30]   
[2026-10-07 20:05:30]     ✅ Página 19 COMPLETA. Marcada como done.
[2026-10-07 20:05:30]   
[2026-10-07 20:05:30]   ==================================================
[2026-10-07 20:05:30]   [LISTADO] Página 20: https://www.inmuebles24.com/casas-en-venta-en-gustavo-a.-madero-incluir-comercializa-remates-publisher.html?utm_source=google&utm_medium=cpc&utm_campaign=Search_Sale_CMX-EMX_Tipo-inmueble_DSA&utm_content=Casas-CMX&gad_source=1&page=20
[2026-10-07 20:05:30]   ==================================================
[2026-10-07 20:05:30]     URLs en página: 30 | pendientes: 0
[2026-10-07 20:05:30]   
[2026-10-07 20:05:30]     ✅ Página 20 COMPLETA. Marcada como done.
[2026-10-07 20:05:30]   
[2026-10-07 20:05:30]   ==================================================
[2026-10-07 20:05:30]   [LISTADO] Página 21: https://www.inmuebles24.com/casas-en-venta-en-gustavo-a.-madero-incluir-comercializa-remates-publisher.html?utm_source=google&utm_medium=cpc&utm_campaign=Search_Sale_CMX-EMX_Tipo-inmueble_DSA&utm_content=Casas-CMX&gad_source=1&page=21
[2026-10-07 20:05:30]   ==================================================
[2026-10-07 20:05:30]     URLs en página: 30 | pendientes: 0
[2026-10-07 20:05:30]   
[2026-10-07 20:05:30]     ✅ Página 21 COMPLETA. Marcada como done.
[2026-10-07 20:05:30]   
[2026-10-07 20:05:30]   ==================================================
[2026-10-07 20:05:30]   [LISTADO] Página 22: https://www.inmuebles24.com/casas-en-venta-en-gustavo-a.-madero-incluir-comercializa-remates-publisher.html?utm_source=google&utm_medium=cpc&utm_campaign=Search_Sale_CMX-EMX_Tipo-inmueble_DSA&utm_content=Casas-CMX&gad_source=1&page=22
[2026-10-07 20:05:30]   ==================================================
[2026-10-07 20:05:30]     URLs en página: 30 | pendientes: 0
[2026-10-07 20:05:30]   
[2026-10-07 20:05:30]     ✅ Página 22 COMPLETA. Marcada como done.
[2026-10-07 20:05:30]   
[2026-10-07 20:05:30]   ==================================================
[2026-10-07 20:05:30]   [LISTADO] Página 23: https://www.inmuebles24.com/casas-en-venta-en-gustavo-a.-madero-incluir-comercializa-remates-publisher.html?utm_source=google&utm_medium=cpc&utm_campaign=Search_Sale_CMX-EMX_Tipo-inmueble_DSA&utm_content=Casas-CMX&gad_source=1&page=23
[2026-10-07 20:05:30]   ==================================================
[2026-10-07 20:05:30]     URLs en página: 30 | pendientes: 0
[2026-10-07 20:05:30]   
[2026-10-07 20:05:30]     ✅ Página 23 COMPLETA. Marcada como done.
[2026-10-07 20:05:30]   
[2026-10-07 20:05:30]   ==================================================
[2026-10-07 20:05:30]   [LISTADO] Página 24: https://www.inmuebles24.com/casas-en-venta-en-gustavo-a.-madero-incluir-comercializa-remates-publisher.html?utm_source=google&utm_medium=cpc&utm_campaign=Search_Sale_CMX-EMX_Tipo-inmueble_DSA&utm_content=Casas-CMX&gad_source=1&page=24
[2026-10-07 20:05:30]   ==================================================
[2026-10-07 20:05:30]     URLs en página: 30 | pendientes: 0
[2026-10-07 20:05:30]   
[2026-10-07 20:05:30]     ✅ Página 24 COMPLETA. Marcada como done.
[2026-10-07 20:05:30]   
[2026-10-07 20:05:30]   ==================================================
[2026-10-07 20:05:30]   [LISTADO] Página 25: https://www.inmuebles24.com/casas-en-venta-en-gustavo-a.-madero-incluir-comercializa-remates-publisher.html?utm_source=google&utm_medium=cpc&utm_campaign=Search_Sale_CMX-EMX_Tipo-inmueble_DSA&utm_content=Casas-CMX&gad_source=1&page=25
[2026-10-07 20:05:30]   ==================================================
[2026-10-07 20:05:30]     URLs en página: 30 | pendientes: 0
[2026-10-07 20:05:30]   
[2026-10-07 20:05:30]     ✅ Página 25 COMPLETA. Marcada como done.
[2026-10-07 20:05:30]   
[2026-10-07 20:05:30]   ==================================================
[2026-10-07 20:05:30]   [LISTADO] Página 26: https://www.inmuebles24.com/casas-en-venta-en-gustavo-a.-madero-incluir-comercializa-remates-publisher.html?utm_source=google&utm_medium=cpc&utm_campaign=Search_Sale_CMX-EMX_Tipo-inmueble_DSA&utm_content=Casas-CMX&gad_source=1&page=26
[2026-10-07 20:05:30]   ==================================================
[2026-10-07 20:05:30]     URLs en página: 30 | pendientes: 0
[2026-10-07 20:05:30]   
[2026-10-07 20:05:30]     ✅ Página 26 COMPLETA. Marcada como done.
[2026-10-07 20:05:30]   
[2026-10-07 20:05:30]   ==================================================
[2026-10-07 20:05:30]   [LISTADO] Página 27: https://www.inmuebles24.com/casas-en-venta-en-gustavo-a.-madero-incluir-comercializa-remates-publisher.html?utm_source=google&utm_medium=cpc&utm_campaign=Search_Sale_CMX-EMX_Tipo-inmueble_DSA&utm_content=Casas-CMX&gad_source=1&page=27
[2026-10-07 20:05:30]   ==================================================
[2026-10-07 20:05:30]     URLs en página: 30 | pendientes: 0
[2026-10-07 20:05:30]   
[2026-10-07 20:05:30]     ✅ Página 27 COMPLETA. Marcada como done.
[2026-10-07 20:05:30]   
[2026-10-07 20:05:30]   ==================================================
[2026-10-07 20:05:30]   [LISTADO] Página 28: https://www.inmuebles24.com/casas-en-venta-en-gustavo-a.-madero-incluir-comercializa-remates-publisher.html?utm_source=google&utm_medium=cpc&utm_campaign=Search_Sale_CMX-EMX_Tipo-inmueble_DSA&utm_content=Casas-CMX&gad_source=1&page=28
[2026-10-07 20:05:30]   ==================================================
[2026-10-07 20:05:30]     URLs en página: 30 | pendientes: 0
[2026-10-07 20:05:30]   
[2026-10-07 20:05:30]     ✅ Página 28 COMPLETA. Marcada como done.
[2026-10-07 20:05:30]   
[2026-10-07 20:05:30]   ==================================================
[2026-10-07 20:05:30]   [LISTADO] Página 29: https://www.inmuebles24.com/casas-en-venta-en-gustavo-a.-madero-incluir-comercializa-remates-publisher.html?utm_source=google&utm_medium=cpc&utm_campaign=Search_Sale_CMX-EMX_Tipo-inmueble_DSA&utm_content=Casas-CMX&gad_source=1&page=29
[2026-10-07 20:05:30]   ==================================================
[2026-10-07 20:05:30]     URLs en página: 30 | pendientes: 0
[2026-10-07 20:05:30]   
[2026-10-07 20:05:30]     ✅ Página 29 COMPLETA. Marcada como done.
[2026-10-07 20:05:30]   
[2026-10-07 20:05:30]   ==================================================
[2026-10-07 20:05:30]   [LISTADO] Página 30: https://www.inmuebles24.com/casas-en-venta-en-gustavo-a.-madero-incluir-comercializa-remates-publisher.html?utm_source=google&utm_medium=cpc&utm_campaign=Search_Sale_CMX-EMX_Tipo-inmueble_DSA&utm_content=Casas-CMX&gad_source=1&page=30
[2026-10-07 20:05:30]   ==================================================
[2026-10-07 20:05:30]     URLs en página: 30 | pendientes: 0
[2026-10-07 20:05:30]   
[2026-10-07 20:05:30]     ✅ Página 30 COMPLETA. Marcada como done.
[2026-10-07 20:05:30]   
[2026-10-07 20:05:30]   ==================================================
[2026-10-07 20:05:30]   [LISTADO] Página 31: https://www.inmuebles24.com/casas-en-venta-en-gustavo-a.-madero-incluir-comercializa-remates-publisher.html?utm_source=google&utm_medium=cpc&utm_campaign=Search_Sale_CMX-EMX_Tipo-inmueble_DSA&utm_content=Casas-CMX&gad_source=1&page=31
[2026-10-07 20:05:30]   ==================================================
[2026-10-07 20:05:30]     URLs en página: 30 | pendientes: 0
[2026-10-07 20:05:30]   
[2026-10-07 20:05:30]     ✅ Página 31 COMPLETA. Marcada como done.
[2026-10-07 20:05:30]   
[2026-10-07 20:05:30]   ==================================================
[2026-10-07 20:05:30]   [LISTADO] Página 32: https://www.inmuebles24.com/casas-en-venta-en-gustavo-a.-madero-incluir-comercializa-remates-publisher.html?utm_source=google&utm_medium=cpc&utm_campaign=Search_Sale_CMX-EMX_Tipo-inmueble_DSA&utm_content=Casas-CMX&gad_source=1&page=32
[2026-10-07 20:05:30]   ==================================================
[2026-10-07 20:05:30]     URLs en página: 30 | pendientes: 1
[2026-10-07 20:05:30]   
[2026-10-07 20:05:30]     [16/40] https://www.inmuebles24.com/propiedades/clasificado/veclcain-casa-en-excelsior-239-guadalupe-insurge...
[2026-10-07 20:05:30]       → OK. $8,200,000 | Casa | Terr 223 | Cons 277 | Guadalupe Insurgentes | Ant 63
[2026-10-07 20:05:30]   
[2026-10-07 20:05:30]     ✅ Página 32 COMPLETA. Marcada como done.
[2026-10-07 20:05:30]   
[2026-10-07 20:05:30]   ==================================================
[2026-10-07 20:05:30]   [LISTADO] Página 33: https://www.inmuebles24.com/casas-en-venta-en-gustavo-a.-madero-incluir-comercializa-remates-publisher.html?utm_source=google&utm_medium=cpc&utm_campaign=Search_Sale_CMX-EMX_Tipo-inmueble_DSA&utm_content=Casas-CMX&gad_source=1&page=33
[2026-10-07 20:05:30]   ==================================================
[2026-10-07 20:05:30]     URLs en página: 30 | pendientes: 0
[2026-10-07 20:05:30]   
[2026-10-07 20:05:30]     ✅ Página 33 COMPLETA. Marcada como done.
[2026-10-07 20:05:30]   
[2026-10-07 20:05:30]   ==================================================
[2026-10-07 20:05:30]   [LISTADO] Página 34: https://www.inmuebles24.com/casas-en-venta-en-gustavo-a.-madero-incluir-comercializa-remates-publisher.html?utm_source=google&utm_medium=cpc&utm_campaign=Search_Sale_CMX-EMX_Tipo-inmueble_DSA&utm_content=Casas-CMX&gad_source=1&page=34
[2026-10-07 20:05:30]   ==================================================
[2026-10-07 20:05:30]     URLs en página: 30 | pendientes: 0
[2026-10-07 20:05:30]   
[2026-10-07 20:05:30]     ✅ Página 34 COMPLETA. Marcada como done.
[2026-10-07 20:05:30]   
[2026-10-07 20:05:30]   ==================================================
[2026-10-07 20:05:30]   [LISTADO] Página 35: https://www.inmuebles24.com/casas-en-venta-en-gustavo-a.-madero-incluir-comercializa-remates-publisher.html?utm_source=google&utm_medium=cpc&utm_campaign=Search_Sale_CMX-EMX_Tipo-inmueble_DSA&utm_content=Casas-CMX&gad_source=1&page=35
[2026-10-07 20:05:30]   ==================================================
[2026-10-07 20:05:30]     URLs en página: 30 | pendientes: 0
[2026-10-07 20:05:30]   
[2026-10-07 20:05:30]     ✅ Página 35 COMPLETA. Marcada como done.
[2026-10-07 20:05:30]   
[2026-10-07 20:05:30]   ==================================================
[2026-10-07 20:05:30]   [LISTADO] Página 36: https://www.inmuebles24.com/casas-en-venta-en-gustavo-a.-madero-incluir-comercializa-remates-publisher.html?utm_source=google&utm_medium=cpc&utm_campaign=Search_Sale_CMX-EMX_Tipo-inmueble_DSA&utm_content=Casas-CMX&gad_source=1&page=36
[2026-10-07 20:05:30]   ==================================================
[2026-10-07 20:05:30]     URLs en página: 30 | pendientes: 0
[2026-10-07 20:05:30]   
[2026-10-07 20:05:30]     ✅ Página 36 COMPLETA. Marcada como done.
[2026-10-07 20:05:30]   
[2026-10-07 20:05:30]   ==================================================
[2026-10-07 20:05:30]   [LISTADO] Página 37: https://www.inmuebles24.com/casas-en-venta-en-gustavo-a.-madero-incluir-comercializa-remates-publisher.html?utm_source=google&utm_medium=cpc&utm_campaign=Search_Sale_CMX-EMX_Tipo-inmueble_DSA&utm_content=Casas-CMX&gad_source=1&page=37
[2026-10-07 20:05:30]   ==================================================
[2026-10-07 20:05:30]     URLs en página: 30 | pendientes: 0
[2026-10-07 20:05:30]   
[2026-10-07 20:05:30]     ✅ Página 37 COMPLETA. Marcada como done.
[2026-10-07 20:05:30]   
[2026-10-07 20:05:30]   ==================================================
[2026-10-07 20:05:30]   [LISTADO] Página 38: https://www.inmuebles24.com/casas-en-venta-en-gustavo-a.-madero-incluir-comercializa-remates-publisher.html?utm_source=google&utm_medium=cpc&utm_campaign=Search_Sale_CMX-EMX_Tipo-inmueble_DSA&utm_content=Casas-CMX&gad_source=1&page=38
[2026-10-07 20:05:30]   ==================================================
[2026-10-07 20:05:30]     URLs en página: 30 | pendientes: 0
[2026-10-07 20:05:30]   
[2026-10-07 20:05:30]     ✅ Página 38 COMPLETA. Marcada como done.
[2026-10-07 20:05:30]   
[2026-10-07 20:05:30]   ==================================================
[2026-10-07 20:05:30]   [LISTADO] Página 39: https://www.inmuebles24.com/casas-en-venta-en-gustavo-a.-madero-incluir-comercializa-remates-publisher.html?utm_source=google&utm_medium=cpc&utm_campaign=Search_Sale_CMX-EMX_Tipo-inmueble_DSA&utm_content=Casas-CMX&gad_source=1&page=39
[2026-10-07 20:05:30]   ==================================================
[2026-10-07 20:05:30]     URLs en página: 30 | pendientes: 0
[2026-10-07 20:05:30]   
[2026-10-07 20:05:30]     ✅ Página 39 COMPLETA. Marcada como done.
[2026-10-07 20:05:30]   
[2026-10-07 20:05:30]   ==================================================
[2026-10-07 20:05:30]   [LISTADO] Página 40: https://www.inmuebles24.com/casas-en-venta-en-gustavo-a.-madero-incluir-comercializa-remates-publisher.html?utm_source=google&utm_medium=cpc&utm_campaign=Search_Sale_CMX-EMX_Tipo-inmueble_DSA&utm_content=Casas-CMX&gad_source=1&page=40
[2026-10-07 20:05:30]   ==================================================
[2026-10-07 20:05:30]     URLs en página: 30 | pendientes: 0
[2026-10-07 20:05:30]   
[2026-10-07 20:05:30]     ✅ Página 40 COMPLETA. Marcada como done.
[2026-10-07 20:05:30]   
[2026-10-07 20:05:30]   ==================================================
[2026-10-07 20:05:30]   [LISTADO] Página 41: https://www.inmuebles24.com/casas-en-venta-en-gustavo-a.-madero-incluir-comercializa-remates-publisher.html?utm_source=google&utm_medium=cpc&utm_campaign=Search_Sale_CMX-EMX_Tipo-inmueble_DSA&utm_content=Casas-CMX&gad_source=1&page=41
[2026-10-07 20:05:30]   ==================================================
[2026-10-07 20:05:30]     URLs en página: 30 | pendientes: 0
[2026-10-07 20:05:30]   
[2026-10-07 20:05:30]     ✅ Página 41 COMPLETA. Marcada como done.
[2026-10-07 20:05:30]   
[2026-10-07 20:05:30]   ==================================================
[2026-10-07 20:05:30]   [LISTADO] Página 42: https://www.inmuebles24.com/casas-en-venta-en-gustavo-a.-madero-incluir-comercializa-remates-publisher.html?utm_source=google&utm_medium=cpc&utm_campaign=Search_Sale_CMX-EMX_Tipo-inmueble_DSA&utm_content=Casas-CMX&gad_source=1&page=42
[2026-10-07 20:05:30]   ==================================================
[2026-10-07 20:05:30]     URLs en página: 30 | pendientes: 0
[2026-10-07 20:05:30]   
[2026-10-07 20:05:30]     ✅ Página 42 COMPLETA. Marcada como done.
[2026-10-07 20:05:30]   
[2026-10-07 20:05:30]   ==================================================
[2026-10-07 20:05:30]   [LISTADO] Página 43: https://www.inmuebles24.com/casas-en-venta-en-gustavo-a.-madero-incluir-comercializa-remates-publisher.html?utm_source=google&utm_medium=cpc&utm_campaign=Search_Sale_CMX-EMX_Tipo-inmueble_DSA&utm_content=Casas-CMX&gad_source=1&page=43
[2026-10-07 20:05:30]   ==================================================
[2026-10-07 20:05:30]     URLs en página: 30 | pendientes: 0
[2026-10-07 20:05:30]   
[2026-10-07 20:05:30]     ✅ Página 43 COMPLETA. Marcada como done.
[2026-10-07 20:05:30]   
[2026-10-07 20:05:30]   ==================================================
[2026-10-07 20:05:30]   [LISTADO] Página 44: https://www.inmuebles24.com/casas-en-venta-en-gustavo-a.-madero-incluir-comercializa-remates-publisher.html?utm_source=google&utm_medium=cpc&utm_campaign=Search_Sale_CMX-EMX_Tipo-inmueble_DSA&utm_content=Casas-CMX&gad_source=1&page=44
[2026-10-07 20:05:30]   ==================================================
[2026-10-07 20:05:30]     URLs en página: 30 | pendientes: 0
[2026-10-07 20:05:30]   
[2026-10-07 20:05:30]     ✅ Página 44 COMPLETA. Marcada como done.
[2026-10-07 20:05:30]   
[2026-10-07 20:05:30]   ==================================================
[2026-10-07 20:05:30]   [LISTADO] Página 45: https://www.inmuebles24.com/casas-en-venta-en-gustavo-a.-madero-incluir-comercializa-remates-publisher.html?utm_source=google&utm_medium=cpc&utm_campaign=Search_Sale_CMX-EMX_Tipo-inmueble_DSA&utm_content=Casas-CMX&gad_source=1&page=45
[2026-10-07 20:05:30]   ==================================================
[2026-10-07 20:05:30]     URLs en página: 30 | pendientes: 0
[2026-10-07 20:05:30]   
[2026-10-07 20:05:30]     ✅ Página 45 COMPLETA. Marcada como done.
[2026-10-07 20:05:30]   
[2026-10-07 20:05:30]   ==================================================
[2026-10-07 20:05:30]   [LISTADO] Página 46: https://www.inmuebles24.com/casas-en-venta-en-gustavo-a.-madero-incluir-comercializa-remates-publisher.html?utm_source=google&utm_medium=cpc&utm_campaign=Search_Sale_CMX-EMX_Tipo-inmueble_DSA&utm_content=Casas-CMX&gad_source=1&page=46
[2026-10-07 20:05:30]   ==================================================
[2026-10-07 20:05:30]     URLs en página: 30 | pendientes: 0
[2026-10-07 20:05:30]   
[2026-10-07 20:05:30]     ✅ Página 46 COMPLETA. Marcada como done.
[2026-10-07 20:05:30]   
[2026-10-07 20:05:30]   ==================================================
[2026-10-07 20:05:30]   [LISTADO] Página 47: https://www.inmuebles24.com/casas-en-venta-en-gustavo-a.-madero-incluir-comercializa-remates-publisher.html?utm_source=google&utm_medium=cpc&utm_campaign=Search_Sale_CMX-EMX_Tipo-inmueble_DSA&utm_content=Casas-CMX&gad_source=1&page=47
[2026-10-07 20:05:30]   ==================================================
[2026-10-07 20:05:30]     URLs en página: 30 | pendientes: 0
[2026-10-07 20:05:30]   
[2026-10-07 20:05:30]     ✅ Página 47 COMPLETA. Marcada como done.
[2026-10-07 20:05:30]   
[2026-10-07 20:05:30]   ==================================================
[2026-10-07 20:05:30]   [LISTADO] Página 48: https://www.inmuebles24.com/casas-en-venta-en-gustavo-a.-madero-incluir-comercializa-remates-publisher.html?utm_source=google&utm_medium=cpc&utm_campaign=Search_Sale_CMX-EMX_Tipo-inmueble_DSA&utm_content=Casas-CMX&gad_source=1&page=48
[2026-10-07 20:05:30]   ==================================================
[2026-10-07 20:05:30]     URLs en página: 30 | pendientes: 0
[2026-10-07 20:05:30]   
[2026-10-07 20:05:30]     ✅ Página 48 COMPLETA. Marcada como done.
[2026-10-07 20:05:30]   
[2026-10-07 20:05:30]   ==================================================
[2026-10-07 20:05:30]   [LISTADO] Página 49: https://www.inmuebles24.com/casas-en-venta-en-gustavo-a.-madero-incluir-comercializa-remates-publisher.html?utm_source=google&utm_medium=cpc&utm_campaign=Search_Sale_CMX-EMX_Tipo-inmueble_DSA&utm_content=Casas-CMX&gad_source=1&page=49
[2026-10-07 20:05:30]   ==================================================
[2026-10-07 20:05:30]     URLs en página: 30 | pendientes: 2
[2026-10-07 20:05:30]   
[2026-10-07 20:05:30]     [17/40] https://www.inmuebles24.com/propiedades/clasificado/veclcain-pb-cdmx-gam-gv-151254349.html...
[2026-10-07 20:05:30]       → OK. $3,200,000 | Casa | Terr 129 | Cons 120 | General Felipe Berriozabal | Ant 10
[2026-10-07 20:05:30]   
[2026-10-07 20:05:30]     [18/40] https://www.inmuebles24.com/propiedades/clasificado/veclcain-casa-adjudicada-en-guadalupe-insurgente...
[2026-10-07 20:05:30]       → OK. $6,000,000 | Casa | Terr 223 | Cons 277 | Industrial | Ant 38
[2026-10-07 20:05:30]   
[2026-10-07 20:05:30]     ✅ Página 49 COMPLETA. Marcada como done.
[2026-10-07 20:05:30]   
[2026-10-07 20:05:30]   ==================================================
[2026-10-07 20:05:30]   [LISTADO] Página 50: https://www.inmuebles24.com/casas-en-venta-en-gustavo-a.-madero-incluir-comercializa-remates-publisher.html?utm_source=google&utm_medium=cpc&utm_campaign=Search_Sale_CMX-EMX_Tipo-inmueble_DSA&utm_content=Casas-CMX&gad_source=1&page=50
[2026-10-07 20:05:30]   ==================================================
[2026-10-07 20:05:30]     URLs en página: 30 | pendientes: 0
[2026-10-07 20:05:30]   
[2026-10-07 20:05:30]     ✅ Página 50 COMPLETA. Marcada como done.
[2026-10-07 20:05:30]   
[2026-10-07 20:05:30]   ==================================================
[2026-10-07 20:05:30]   [LISTADO] Página 51: https://www.inmuebles24.com/casas-en-venta-en-gustavo-a.-madero-incluir-comercializa-remates-publisher.html?utm_source=google&utm_medium=cpc&utm_campaign=Search_Sale_CMX-EMX_Tipo-inmueble_DSA&utm_content=Casas-CMX&gad_source=1&page=51
[2026-10-07 20:05:30]   ==================================================
[2026-10-07 20:05:30]     URLs en página: 30 | pendientes: 0
[2026-10-07 20:05:30]   
[2026-10-07 20:05:30]     ✅ Página 51 COMPLETA. Marcada como done.
[2026-10-07 20:05:30]   
[2026-10-07 20:05:30]   ==================================================
[2026-10-07 20:05:30]   [LISTADO] Página 52: https://www.inmuebles24.com/casas-en-venta-en-gustavo-a.-madero-incluir-comercializa-remates-publisher.html?utm_source=google&utm_medium=cpc&utm_campaign=Search_Sale_CMX-EMX_Tipo-inmueble_DSA&utm_content=Casas-CMX&gad_source=1&page=52
[2026-10-07 20:05:30]   ==================================================
[2026-10-07 20:05:30]     URLs en página: 30 | pendientes: 0
[2026-10-07 20:05:30]   
[2026-10-07 20:05:30]     ✅ Página 52 COMPLETA. Marcada como done.
[2026-10-07 20:05:30]   
[2026-10-07 20:05:30]   ==================================================
[2026-10-07 20:05:30]   [LISTADO] Página 53: https://www.inmuebles24.com/casas-en-venta-en-gustavo-a.-madero-incluir-comercializa-remates-publisher.html?utm_source=google&utm_medium=cpc&utm_campaign=Search_Sale_CMX-EMX_Tipo-inmueble_DSA&utm_content=Casas-CMX&gad_source=1&page=53
[2026-10-07 20:05:30]   ==================================================
[2026-10-07 20:05:30]     URLs en página: 30 | pendientes: 0
[2026-10-07 20:05:30]   
[2026-10-07 20:05:30]     ✅ Página 53 COMPLETA. Marcada como done.
[2026-10-07 20:05:30]   
[2026-10-07 20:05:30]   ==================================================
[2026-10-07 20:05:30]   [LISTADO] Página 54: https://www.inmuebles24.com/casas-en-venta-en-gustavo-a.-madero-incluir-comercializa-remates-publisher.html?utm_source=google&utm_medium=cpc&utm_campaign=Search_Sale_CMX-EMX_Tipo-inmueble_DSA&utm_content=Casas-CMX&gad_source=1&page=54
[2026-10-07 20:05:30]   ==================================================
[2026-10-07 20:05:30]     URLs en página: 30 | pendientes: 0
[2026-10-07 20:05:30]   
[2026-10-07 20:05:30]     ✅ Página 54 COMPLETA. Marcada como done.
[2026-10-07 20:05:30]   
[2026-10-07 20:05:30]   ==================================================
[2026-10-07 20:05:30]   [LISTADO] Página 55: https://www.inmuebles24.com/casas-en-venta-en-gustavo-a.-madero-incluir-comercializa-remates-publisher.html?utm_source=google&utm_medium=cpc&utm_campaign=Search_Sale_CMX-EMX_Tipo-inmueble_DSA&utm_content=Casas-CMX&gad_source=1&page=55
[2026-10-07 20:05:30]   ==================================================
[2026-10-07 20:05:30]     URLs en página: 30 | pendientes: 0
[2026-10-07 20:05:30]   
[2026-10-07 20:05:30]     ✅ Página 55 COMPLETA. Marcada como done.
[2026-10-07 20:05:30]   
[2026-10-07 20:05:30]   ==================================================
[2026-10-07 20:05:30]   [LISTADO] Página 56: https://www.inmuebles24.com/casas-en-venta-en-gustavo-a.-madero-incluir-comercializa-remates-publisher.html?utm_source=google&utm_medium=cpc&utm_campaign=Search_Sale_CMX-EMX_Tipo-inmueble_DSA&utm_content=Casas-CMX&gad_source=1&page=56
[2026-10-07 20:05:30]   ==================================================
[2026-10-07 20:05:30]     URLs en página: 30 | pendientes: 0
[2026-10-07 20:05:30]   
[2026-10-07 20:05:30]     ✅ Página 56 COMPLETA. Marcada como done.
[2026-10-07 20:05:30]   
[2026-10-07 20:05:30]   ==================================================
[2026-10-07 20:05:30]   [LISTADO] Página 57: https://www.inmuebles24.com/casas-en-venta-en-gustavo-a.-madero-incluir-comercializa-remates-publisher.html?utm_source=google&utm_medium=cpc&utm_campaign=Search_Sale_CMX-EMX_Tipo-inmueble_DSA&utm_content=Casas-CMX&gad_source=1&page=57
[2026-10-07 20:05:30]   ==================================================
[2026-10-07 20:05:30]     URLs en página: 30 | pendientes: 0
[2026-10-07 20:05:30]   
[2026-10-07 20:05:30]     ✅ Página 57 COMPLETA. Marcada como done.
[2026-10-07 20:05:30]   
[2026-10-07 20:05:30]   ==================================================
[2026-10-07 20:05:30]   [LISTADO] Página 58: https://www.inmuebles24.com/casas-en-venta-en-gustavo-a.-madero-incluir-comercializa-remates-publisher.html?utm_source=google&utm_medium=cpc&utm_campaign=Search_Sale_CMX-EMX_Tipo-inmueble_DSA&utm_content=Casas-CMX&gad_source=1&page=58
[2026-10-07 20:05:30]   ==================================================
[2026-10-07 20:05:30]     URLs en página: 30 | pendientes: 1
[2026-10-07 20:05:30]   
[2026-10-07 20:05:30]     [19/40] https://www.inmuebles24.com/propiedades/clasificado/veclcain-casa-adjudicada-en-venta-en-guadalupe-t...
[2026-10-07 20:05:30]       → OK. $8,900,000 | Casa | Terr 190 | Cons 284 | Guadalupe Tepeyac | Ant 34
[2026-10-07 20:05:30]   
[2026-10-07 20:05:30]     ✅ Página 58 COMPLETA. Marcada como done.
[2026-10-07 20:05:30]   
[2026-10-07 20:05:30]   ==================================================
[2026-10-07 20:05:30]   [LISTADO] Página 59: https://www.inmuebles24.com/casas-en-venta-en-gustavo-a.-madero-incluir-comercializa-remates-publisher.html?utm_source=google&utm_medium=cpc&utm_campaign=Search_Sale_CMX-EMX_Tipo-inmueble_DSA&utm_content=Casas-CMX&gad_source=1&page=59
[2026-10-07 20:05:30]   ==================================================
[2026-10-07 20:05:30]     URLs en página: 30 | pendientes: 0
[2026-10-07 20:05:30]   
[2026-10-07 20:05:30]     ✅ Página 59 COMPLETA. Marcada como done.
[2026-10-07 20:05:30]   
[2026-10-07 20:05:30]   ==================================================
[2026-10-07 20:05:30]   [LISTADO] Página 60: https://www.inmuebles24.com/casas-en-venta-en-gustavo-a.-madero-incluir-comercializa-remates-publisher.html?utm_source=google&utm_medium=cpc&utm_campaign=Search_Sale_CMX-EMX_Tipo-inmueble_DSA&utm_content=Casas-CMX&gad_source=1&page=60
[2026-10-07 20:05:30]   ==================================================
[2026-10-07 20:05:30]     URLs en página: 30 | pendientes: 0
[2026-10-07 20:05:30]   
[2026-10-07 20:05:30]     ✅ Página 60 COMPLETA. Marcada como done.
[2026-10-07 20:05:30]   
[2026-10-07 20:05:30]   ==================================================
[2026-10-07 20:05:30]   [LISTADO] Página 61: https://www.inmuebles24.com/casas-en-venta-en-gustavo-a.-madero-incluir-comercializa-remates-publisher.html?utm_source=google&utm_medium=cpc&utm_campaign=Search_Sale_CMX-EMX_Tipo-inmueble_DSA&utm_content=Casas-CMX&gad_source=1&page=61
[2026-10-07 20:05:30]   ==================================================
[2026-10-07 20:05:30]     URLs en página: 30 | pendientes: 0
[2026-10-07 20:05:30]   
[2026-10-07 20:05:30]     ✅ Página 61 COMPLETA. Marcada como done.
[2026-10-07 20:05:30]   
[2026-10-07 20:05:30]   ==================================================
[2026-10-07 20:05:30]   [LISTADO] Página 62: https://www.inmuebles24.com/casas-en-venta-en-gustavo-a.-madero-incluir-comercializa-remates-publisher.html?utm_source=google&utm_medium=cpc&utm_campaign=Search_Sale_CMX-EMX_Tipo-inmueble_DSA&utm_content=Casas-CMX&gad_source=1&page=62
[2026-10-07 20:05:30]   ==================================================
[2026-10-07 20:05:30]     URLs en página: 30 | pendientes: 0
[2026-10-07 20:05:30]   
[2026-10-07 20:05:30]     ✅ Página 62 COMPLETA. Marcada como done.
[2026-10-07 20:05:30]   
[2026-10-07 20:05:30]   ==================================================
[2026-10-07 20:05:30]   [LISTADO] Página 63: https://www.inmuebles24.com/casas-en-venta-en-gustavo-a.-madero-incluir-comercializa-remates-publisher.html?utm_source=google&utm_medium=cpc&utm_campaign=Search_Sale_CMX-EMX_Tipo-inmueble_DSA&utm_content=Casas-CMX&gad_source=1&page=63
[2026-10-07 20:05:30]   ==================================================
[2026-10-07 20:05:30]     URLs en página: 30 | pendientes: 0
[2026-10-07 20:05:30]   
[2026-10-07 20:05:30]     ✅ Página 63 COMPLETA. Marcada como done.
[2026-10-07 20:05:30]   
[2026-10-07 20:05:30]   ==================================================
[2026-10-07 20:05:30]   [LISTADO] Página 64: https://www.inmuebles24.com/casas-en-venta-en-gustavo-a.-madero-incluir-comercializa-remates-publisher.html?utm_source=google&utm_medium=cpc&utm_campaign=Search_Sale_CMX-EMX_Tipo-inmueble_DSA&utm_content=Casas-CMX&gad_source=1&page=64
[2026-10-07 20:05:30]   ==================================================
[2026-10-07 20:05:30]     URLs en página: 30 | pendientes: 0
[2026-10-07 20:05:30]   
[2026-10-07 20:05:30]     ✅ Página 64 COMPLETA. Marcada como done.
[2026-10-07 20:05:30]   
[2026-10-07 20:05:30]   ==================================================
[2026-10-07 20:05:30]   [LISTADO] Página 65: https://www.inmuebles24.com/casas-en-venta-en-gustavo-a.-madero-incluir-comercializa-remates-publisher.html?utm_source=google&utm_medium=cpc&utm_campaign=Search_Sale_CMX-EMX_Tipo-inmueble_DSA&utm_content=Casas-CMX&gad_source=1&page=65
[2026-10-07 20:05:30]   ==================================================
[2026-10-07 20:05:30]     URLs en página: 30 | pendientes: 0
[2026-10-07 20:05:30]   
[2026-10-07 20:05:30]     ✅ Página 65 COMPLETA. Marcada como done.
[2026-10-07 20:05:30]   
[2026-10-07 20:05:30]   ==================================================
[2026-10-07 20:05:30]   [LISTADO] Página 66: https://www.inmuebles24.com/casas-en-venta-en-gustavo-a.-madero-incluir-comercializa-remates-publisher.html?utm_source=google&utm_medium=cpc&utm_campaign=Search_Sale_CMX-EMX_Tipo-inmueble_DSA&utm_content=Casas-CMX&gad_source=1&page=66
[2026-10-07 20:05:30]   ==================================================
[2026-10-07 20:05:30]     URLs en página: 30 | pendientes: 0
[2026-10-07 20:05:30]   
[2026-10-07 20:05:30]     ✅ Página 66 COMPLETA. Marcada como done.
[2026-10-07 20:05:30]   
[2026-10-07 20:05:30]   ==================================================
[2026-10-07 20:05:30]   [LISTADO] Página 67: https://www.inmuebles24.com/casas-en-venta-en-gustavo-a.-madero-incluir-comercializa-remates-publisher.html?utm_source=google&utm_medium=cpc&utm_campaign=Search_Sale_CMX-EMX_Tipo-inmueble_DSA&utm_content=Casas-CMX&gad_source=1&page=67
[2026-10-07 20:05:30]   ==================================================
[2026-10-07 20:05:30]     URLs en página: 30 | pendientes: 0
[2026-10-07 20:05:30]   
[2026-10-07 20:05:30]     ✅ Página 67 COMPLETA. Marcada como done.
[2026-10-07 20:05:30]   
[2026-10-07 20:05:30]   ==================================================
[2026-10-07 20:05:30]   [LISTADO] Página 68: https://www.inmuebles24.com/casas-en-venta-en-gustavo-a.-madero-incluir-comercializa-remates-publisher.html?utm_source=google&utm_medium=cpc&utm_campaign=Search_Sale_CMX-EMX_Tipo-inmueble_DSA&utm_content=Casas-CMX&gad_source=1&page=68
[2026-10-07 20:05:30]   ==================================================
[2026-10-07 20:05:30]     URLs en página: 30 | pendientes: 0
[2026-10-07 20:05:30]   
[2026-10-07 20:05:30]     ✅ Página 68 COMPLETA. Marcada como done.
[2026-10-07 20:05:30]   
[2026-10-07 20:05:30]   ==================================================
[2026-10-07 20:05:30]   [LISTADO] Página 69: https://www.inmuebles24.com/casas-en-venta-en-gustavo-a.-madero-incluir-comercializa-remates-publisher.html?utm_source=google&utm_medium=cpc&utm_campaign=Search_Sale_CMX-EMX_Tipo-inmueble_DSA&utm_content=Casas-CMX&gad_source=1&page=69
[2026-10-07 20:05:30]   ==================================================
[2026-10-07 20:05:30]     URLs en página: 30 | pendientes: 0
[2026-10-07 20:05:30]   
[2026-10-07 20:05:30]     ✅ Página 69 COMPLETA. Marcada como done.
[2026-10-07 20:05:30]   
[2026-10-07 20:05:30]   ==================================================
[2026-10-07 20:05:30]   [LISTADO] Página 70: https://www.inmuebles24.com/casas-en-venta-en-gustavo-a.-madero-incluir-comercializa-remates-publisher.html?utm_source=google&utm_medium=cpc&utm_campaign=Search_Sale_CMX-EMX_Tipo-inmueble_DSA&utm_content=Casas-CMX&gad_source=1&page=70
[2026-10-07 20:05:30]   ==================================================
[2026-10-07 20:05:30]     URLs en página: 30 | pendientes: 0
[2026-10-07 20:05:30]   
[2026-10-07 20:05:30]     ✅ Página 70 COMPLETA. Marcada como done.
[2026-10-07 20:05:30]   
[2026-10-07 20:05:30]   ==================================================
[2026-10-07 20:05:30]   [LISTADO] Página 71: https://www.inmuebles24.com/casas-en-venta-en-gustavo-a.-madero-incluir-comercializa-remates-publisher.html?utm_source=google&utm_medium=cpc&utm_campaign=Search_Sale_CMX-EMX_Tipo-inmueble_DSA&utm_content=Casas-CMX&gad_source=1&page=71
[2026-10-07 20:05:30]   ==================================================
[2026-10-07 20:05:30]     URLs en página: 30 | pendientes: 0
[2026-10-07 20:05:30]   
[2026-10-07 20:05:30]     ✅ Página 71 COMPLETA. Marcada como done.
[2026-10-07 20:05:30]   
[2026-10-07 20:05:30]   ==================================================
[2026-10-07 20:05:30]   [LISTADO] Página 72: https://www.inmuebles24.com/casas-en-venta-en-gustavo-a.-madero-incluir-comercializa-remates-publisher.html?utm_source=google&utm_medium=cpc&utm_campaign=Search_Sale_CMX-EMX_Tipo-inmueble_DSA&utm_content=Casas-CMX&gad_source=1&page=72
[2026-10-07 20:05:30]   ==================================================
[2026-10-07 20:05:30]     URLs en página: 30 | pendientes: 0
[2026-10-07 20:05:30]   
[2026-10-07 20:05:30]     ✅ Página 72 COMPLETA. Marcada como done.
[2026-10-07 20:05:30]   
[2026-10-07 20:05:30]   ==================================================
[2026-10-07 20:05:30]   [LISTADO] Página 73: https://www.inmuebles24.com/casas-en-venta-en-gustavo-a.-madero-incluir-comercializa-remates-publisher.html?utm_source=google&utm_medium=cpc&utm_campaign=Search_Sale_CMX-EMX_Tipo-inmueble_DSA&utm_content=Casas-CMX&gad_source=1&page=73
[2026-10-07 20:05:30]   ==================================================
[2026-10-07 20:05:30]     URLs en página: 30 | pendientes: 0
[2026-10-07 20:05:30]   
[2026-10-07 20:05:30]     ✅ Página 73 COMPLETA. Marcada como done.
[2026-10-07 20:05:30]   
[2026-10-07 20:05:30]   ==================================================
[2026-10-07 20:05:30]   [LISTADO] Página 74: https://www.inmuebles24.com/casas-en-venta-en-gustavo-a.-madero-incluir-comercializa-remates-publisher.html?utm_source=google&utm_medium=cpc&utm_campaign=Search_Sale_CMX-EMX_Tipo-inmueble_DSA&utm_content=Casas-CMX&gad_source=1&page=74
[2026-10-07 20:05:30]   ==================================================
[2026-10-07 20:05:30]     URLs en página: 30 | pendientes: 0
[2026-10-07 20:05:30]   
[2026-10-07 20:05:30]     ✅ Página 74 COMPLETA. Marcada como done.
[2026-10-07 20:05:30]   
[2026-10-07 20:05:30]   ==================================================
[2026-10-07 20:05:30]   [LISTADO] Página 75: https://www.inmuebles24.com/casas-en-venta-en-gustavo-a.-madero-incluir-comercializa-remates-publisher.html?utm_source=google&utm_medium=cpc&utm_campaign=Search_Sale_CMX-EMX_Tipo-inmueble_DSA&utm_content=Casas-CMX&gad_source=1&page=75
[2026-10-07 20:05:30]   ==================================================
[2026-10-07 20:05:30]     URLs en página: 30 | pendientes: 0
[2026-10-07 20:05:30]   
[2026-10-07 20:05:30]     ✅ Página 75 COMPLETA. Marcada como done.
[2026-10-07 20:05:30]   
[2026-10-07 20:05:30]   ==================================================
[2026-10-07 20:05:30]   [LISTADO] Página 76: https://www.inmuebles24.com/casas-en-venta-en-gustavo-a.-madero-incluir-comercializa-remates-publisher.html?utm_source=google&utm_medium=cpc&utm_campaign=Search_Sale_CMX-EMX_Tipo-inmueble_DSA&utm_content=Casas-CMX&gad_source=1&page=76
[2026-10-07 20:05:30]   ==================================================
[2026-10-07 20:05:30]     URLs en página: 30 | pendientes: 0
[2026-10-07 20:05:30]   
[2026-10-07 20:05:30]     ✅ Página 76 COMPLETA. Marcada como done.
[2026-10-07 20:05:30]   
[2026-10-07 20:05:30]   ==================================================
[2026-10-07 20:05:30]   [LISTADO] Página 77: https://www.inmuebles24.com/casas-en-venta-en-gustavo-a.-madero-incluir-comercializa-remates-publisher.html?utm_source=google&utm_medium=cpc&utm_campaign=Search_Sale_CMX-EMX_Tipo-inmueble_DSA&utm_content=Casas-CMX&gad_source=1&page=77
[2026-10-07 20:05:30]   ==================================================
[2026-10-07 20:05:30]     URLs en página: 30 | pendientes: 0
[2026-10-07 20:05:30]   
[2026-10-07 20:05:30]     ✅ Página 77 COMPLETA. Marcada como done.
[2026-10-07 20:05:30]   
[2026-10-07 20:05:30]   ==================================================
[2026-10-07 20:05:30]   [LISTADO] Página 78: https://www.inmuebles24.com/casas-en-venta-en-gustavo-a.-madero-incluir-comercializa-remates-publisher.html?utm_source=google&utm_medium=cpc&utm_campaign=Search_Sale_CMX-EMX_Tipo-inmueble_DSA&utm_content=Casas-CMX&gad_source=1&page=78
[2026-10-07 20:05:30]   ==================================================
[2026-10-07 20:05:30]     URLs en página: 30 | pendientes: 0
[2026-10-07 20:05:30]   
[2026-10-07 20:05:30]     ✅ Página 78 COMPLETA. Marcada como done.
[2026-10-07 20:05:30]   
[2026-10-07 20:05:30]   ==================================================
[2026-10-07 20:05:30]   [LISTADO] Página 79: https://www.inmuebles24.com/casas-en-venta-en-gustavo-a.-madero-incluir-comercializa-remates-publisher.html?utm_source=google&utm_medium=cpc&utm_campaign=Search_Sale_CMX-EMX_Tipo-inmueble_DSA&utm_content=Casas-CMX&gad_source=1&page=79
[2026-10-07 20:05:30]   ==================================================
[2026-10-07 20:05:30]     URLs en página: 30 | pendientes: 0
[2026-10-07 20:05:30]   
[2026-10-07 20:05:30]     ✅ Página 79 COMPLETA. Marcada como done.
[2026-10-07 20:05:30]   
[2026-10-07 20:05:30]   ==================================================
[2026-10-07 20:05:30]   [LISTADO] Página 80: https://www.inmuebles24.com/casas-en-venta-en-gustavo-a.-madero-incluir-comercializa-remates-publisher.html?utm_source=google&utm_medium=cpc&utm_campaign=Search_Sale_CMX-EMX_Tipo-inmueble_DSA&utm_content=Casas-CMX&gad_source=1&page=80
[2026-10-07 20:05:30]   ==================================================
[2026-10-07 20:05:30]     URLs en página: 30 | pendientes: 0
[2026-10-07 20:05:30]   
[2026-10-07 20:05:30]     ✅ Página 80 COMPLETA. Marcada como done.
[2026-10-07 20:05:30]   
[2026-10-07 20:05:30]   ==================================================
[2026-10-07 20:05:30]   [LISTADO] Página 81: https://www.inmuebles24.com/casas-en-venta-en-gustavo-a.-madero-incluir-comercializa-remates-publisher.html?utm_source=google&utm_medium=cpc&utm_campaign=Search_Sale_CMX-EMX_Tipo-inmueble_DSA&utm_content=Casas-CMX&gad_source=1&page=81
[2026-10-07 20:05:30]   ==================================================
[2026-10-07 20:05:30]     URLs en página: 30 | pendientes: 0
[2026-10-07 20:05:30]   
[2026-10-07 20:05:30]     ✅ Página 81 COMPLETA. Marcada como done.
[2026-10-07 20:05:30]   
[2026-10-07 20:05:30]   ==================================================
[2026-10-07 20:05:30]   [LISTADO] Página 82: https://www.inmuebles24.com/casas-en-venta-en-gustavo-a.-madero-incluir-comercializa-remates-publisher.html?utm_source=google&utm_medium=cpc&utm_campaign=Search_Sale_CMX-EMX_Tipo-inmueble_DSA&utm_content=Casas-CMX&gad_source=1&page=82
[2026-10-07 20:05:30]   ==================================================
[2026-10-07 20:05:30]     URLs en página: 30 | pendientes: 0
[2026-10-07 20:05:30]   
[2026-10-07 20:05:30]     ✅ Página 82 COMPLETA. Marcada como done.
[2026-10-07 20:05:30]   
[2026-10-07 20:05:30]   ==================================================
[2026-10-07 20:05:30]   [LISTADO] Página 83: https://www.inmuebles24.com/casas-en-venta-en-gustavo-a.-madero-incluir-comercializa-remates-publisher.html?utm_source=google&utm_medium=cpc&utm_campaign=Search_Sale_CMX-EMX_Tipo-inmueble_DSA&utm_content=Casas-CMX&gad_source=1&page=83
[2026-10-07 20:05:30]   ==================================================
[2026-10-07 20:05:30]     URLs en página: 30 | pendientes: 0
[2026-10-07 20:05:30]   
[2026-10-07 20:05:30]     ✅ Página 83 COMPLETA. Marcada como done.
[2026-10-07 20:05:30]   
[2026-10-07 20:05:30]   ==================================================
[2026-10-07 20:05:30]   [LISTADO] Página 84: https://www.inmuebles24.com/casas-en-venta-en-gustavo-a.-madero-incluir-comercializa-remates-publisher.html?utm_source=google&utm_medium=cpc&utm_campaign=Search_Sale_CMX-EMX_Tipo-inmueble_DSA&utm_content=Casas-CMX&gad_source=1&page=84
[2026-10-07 20:05:30]   ==================================================
[2026-10-07 20:05:30]     URLs en página: 30 | pendientes: 0
[2026-10-07 20:05:30]   
[2026-10-07 20:05:30]     ✅ Página 84 COMPLETA. Marcada como done.
[2026-10-07 20:05:30]   
[2026-10-07 20:05:30]   ==================================================
[2026-10-07 20:05:30]   [LISTADO] Página 85: https://www.inmuebles24.com/casas-en-venta-en-gustavo-a.-madero-incluir-comercializa-remates-publisher.html?utm_source=google&utm_medium=cpc&utm_campaign=Search_Sale_CMX-EMX_Tipo-inmueble_DSA&utm_content=Casas-CMX&gad_source=1&page=85
[2026-10-07 20:05:30]   ==================================================
[2026-10-07 20:05:30]     URLs en página: 30 | pendientes: 0
[2026-10-07 20:05:30]   
[2026-10-07 20:05:30]     ✅ Página 85 COMPLETA. Marcada como done.
[2026-10-07 20:05:30]   
[2026-10-07 20:05:30]   ==================================================
[2026-10-07 20:05:30]   [LISTADO] Página 86: https://www.inmuebles24.com/casas-en-venta-en-gustavo-a.-madero-incluir-comercializa-remates-publisher.html?utm_source=google&utm_medium=cpc&utm_campaign=Search_Sale_CMX-EMX_Tipo-inmueble_DSA&utm_content=Casas-CMX&gad_source=1&page=86
[2026-10-07 20:05:30]   ==================================================
[2026-10-07 20:05:30]     URLs en página: 30 | pendientes: 0
[2026-10-07 20:05:30]   
[2026-10-07 20:05:30]     ✅ Página 86 COMPLETA. Marcada como done.
[2026-10-07 20:05:30]   
[2026-10-07 20:05:30]   ==================================================
[2026-10-07 20:05:30]   [LISTADO] Página 87: https://www.inmuebles24.com/casas-en-venta-en-gustavo-a.-madero-incluir-comercializa-remates-publisher.html?utm_source=google&utm_medium=cpc&utm_campaign=Search_Sale_CMX-EMX_Tipo-inmueble_DSA&utm_content=Casas-CMX&gad_source=1&page=87
[2026-10-07 20:05:30]   ==================================================
[2026-10-07 20:05:30]     URLs en página: 30 | pendientes: 0
[2026-10-07 20:05:30]   
[2026-10-07 20:05:30]     ✅ Página 87 COMPLETA. Marcada como done.
[2026-10-07 20:05:30]   
[2026-10-07 20:05:30]   ==================================================
[2026-10-07 20:05:30]   [LISTADO] Página 88: https://www.inmuebles24.com/casas-en-venta-en-gustavo-a.-madero-incluir-comercializa-remates-publisher.html?utm_source=google&utm_medium=cpc&utm_campaign=Search_Sale_CMX-EMX_Tipo-inmueble_DSA&utm_content=Casas-CMX&gad_source=1&page=88
[2026-10-07 20:05:30]   ==================================================
[2026-10-07 20:05:30]     URLs en página: 30 | pendientes: 0
[2026-10-07 20:05:30]   
[2026-10-07 20:05:30]     ✅ Página 88 COMPLETA. Marcada como done.
[2026-10-07 20:05:30]   
[2026-10-07 20:05:30]   ==================================================
[2026-10-07 20:05:30]   [LISTADO] Página 89: https://www.inmuebles24.com/casas-en-venta-en-gustavo-a.-madero-incluir-comercializa-remates-publisher.html?utm_source=google&utm_medium=cpc&utm_campaign=Search_Sale_CMX-EMX_Tipo-inmueble_DSA&utm_content=Casas-CMX&gad_source=1&page=89
[2026-10-07 20:05:30]   ==================================================
[2026-10-07 20:05:30]     URLs en página: 30 | pendientes: 0
[2026-10-07 20:05:30]   
[2026-10-07 20:05:30]     ✅ Página 89 COMPLETA. Marcada como done.
[2026-10-07 20:05:30]   
[2026-10-07 20:05:30]   ==================================================
[2026-10-07 20:05:30]   [LISTADO] Página 90: https://www.inmuebles24.com/casas-en-venta-en-gustavo-a.-madero-incluir-comercializa-remates-publisher.html?utm_source=google&utm_medium=cpc&utm_campaign=Search_Sale_CMX-EMX_Tipo-inmueble_DSA&utm_content=Casas-CMX&gad_source=1&page=90
[2026-10-07 20:05:30]   ==================================================
[2026-10-07 20:05:30]     URLs en página: 30 | pendientes: 0
[2026-10-07 20:05:30]   
[2026-10-07 20:05:30]     ✅ Página 90 COMPLETA. Marcada como done.
[2026-10-07 20:05:30]   
[2026-10-07 20:05:30]   ==================================================
[2026-10-07 20:05:30]   [LISTADO] Página 91: https://www.inmuebles24.com/casas-en-venta-en-gustavo-a.-madero-incluir-comercializa-remates-publisher.html?utm_source=google&utm_medium=cpc&utm_campaign=Search_Sale_CMX-EMX_Tipo-inmueble_DSA&utm_content=Casas-CMX&gad_source=1&page=91
[2026-10-07 20:05:30]   ==================================================
[2026-10-07 20:05:30]     URLs en página: 30 | pendientes: 0
[2026-10-07 20:05:30]   
[2026-10-07 20:05:30]     ✅ Página 91 COMPLETA. Marcada como done.
[2026-10-07 20:05:30]   
[2026-10-07 20:05:30]   ==================================================
[2026-10-07 20:05:30]   [LISTADO] Página 92: https://www.inmuebles24.com/casas-en-venta-en-gustavo-a.-madero-incluir-comercializa-remates-publisher.html?utm_source=google&utm_medium=cpc&utm_campaign=Search_Sale_CMX-EMX_Tipo-inmueble_DSA&utm_content=Casas-CMX&gad_source=1&page=92
[2026-10-07 20:05:30]   ==================================================
[2026-10-07 20:05:30]     URLs en página: 30 | pendientes: 0
[2026-10-07 20:05:30]   
[2026-10-07 20:05:30]     ✅ Página 92 COMPLETA. Marcada como done.
[2026-10-07 20:05:30]   
[2026-10-07 20:05:30]   ==================================================
[2026-10-07 20:05:30]   [LISTADO] Página 93: https://www.inmuebles24.com/casas-en-venta-en-gustavo-a.-madero-incluir-comercializa-remates-publisher.html?utm_source=google&utm_medium=cpc&utm_campaign=Search_Sale_CMX-EMX_Tipo-inmueble_DSA&utm_content=Casas-CMX&gad_source=1&page=93
[2026-10-07 20:05:30]   ==================================================
[2026-10-07 20:05:30]     URLs en página: 30 | pendientes: 0
[2026-10-07 20:05:30]   
[2026-10-07 20:05:30]     ✅ Página 93 COMPLETA. Marcada como done.
[2026-10-07 20:05:30]   
[2026-10-07 20:05:30]   ==================================================
[2026-10-07 20:05:30]   [LISTADO] Página 94: https://www.inmuebles24.com/casas-en-venta-en-gustavo-a.-madero-incluir-comercializa-remates-publisher.html?utm_source=google&utm_medium=cpc&utm_campaign=Search_Sale_CMX-EMX_Tipo-inmueble_DSA&utm_content=Casas-CMX&gad_source=1&page=94
[2026-10-07 20:05:30]   ==================================================
[2026-10-07 20:05:30]     URLs en página: 30 | pendientes: 0
[2026-10-07 20:05:30]   
[2026-10-07 20:05:30]     ✅ Página 94 COMPLETA. Marcada como done.
[2026-10-07 20:05:30]   
[2026-10-07 20:05:30]   ==================================================
[2026-10-07 20:05:30]   [LISTADO] Página 95: https://www.inmuebles24.com/casas-en-venta-en-gustavo-a.-madero-incluir-comercializa-remates-publisher.html?utm_source=google&utm_medium=cpc&utm_campaign=Search_Sale_CMX-EMX_Tipo-inmueble_DSA&utm_content=Casas-CMX&gad_source=1&page=95
[2026-10-07 20:05:30]   ==================================================
[2026-10-07 20:05:30]     URLs en página: 30 | pendientes: 0
[2026-10-07 20:05:30]   
[2026-10-07 20:05:30]     ✅ Página 95 COMPLETA. Marcada como done.
[2026-10-07 20:05:30]   
[2026-10-07 20:05:30]   ==================================================
[2026-10-07 20:05:30]   [LISTADO] Página 96: https://www.inmuebles24.com/casas-en-venta-en-gustavo-a.-madero-incluir-comercializa-remates-publisher.html?utm_source=google&utm_medium=cpc&utm_campaign=Search_Sale_CMX-EMX_Tipo-inmueble_DSA&utm_content=Casas-CMX&gad_source=1&page=96
[2026-10-07 20:05:30]   ==================================================
[2026-10-07 20:05:30]     URLs en página: 30 | pendientes: 0
[2026-10-07 20:05:30]   
[2026-10-07 20:05:30]     ✅ Página 96 COMPLETA. Marcada como done.
[2026-10-07 20:05:30]   
[2026-10-07 20:05:30]   ==================================================
[2026-10-07 20:05:30]   [LISTADO] Página 97: https://www.inmuebles24.com/casas-en-venta-en-gustavo-a.-madero-incluir-comercializa-remates-publisher.html?utm_source=google&utm_medium=cpc&utm_campaign=Search_Sale_CMX-EMX_Tipo-inmueble_DSA&utm_content=Casas-CMX&gad_source=1&page=97
[2026-10-07 20:05:30]   ==================================================
[2026-10-07 20:05:30]     URLs en página: 30 | pendientes: 0
[2026-10-07 20:05:30]   
[2026-10-07 20:05:30]     ✅ Página 97 COMPLETA. Marcada como done.
[2026-10-07 20:05:30]   
[2026-10-07 20:05:30]   ==================================================
[2026-10-07 20:05:30]   [LISTADO] Página 98: https://www.inmuebles24.com/casas-en-venta-en-gustavo-a.-madero-incluir-comercializa-remates-publisher.html?utm_source=google&utm_medium=cpc&utm_campaign=Search_Sale_CMX-EMX_Tipo-inmueble_DSA&utm_content=Casas-CMX&gad_source=1&page=98
[2026-10-07 20:05:30]   ==================================================
[2026-10-07 20:05:30]     URLs en página: 30 | pendientes: 0
[2026-10-07 20:05:30]   
[2026-10-07 20:05:30]     ✅ Página 98 COMPLETA. Marcada como done.
[2026-10-07 20:05:30]   
[2026-10-07 20:05:30]   ==================================================
[2026-10-07 20:05:30]   [LISTADO] Página 99: https://www.inmuebles24.com/casas-en-venta-en-gustavo-a.-madero-incluir-comercializa-remates-publisher.html?utm_source=google&utm_medium=cpc&utm_campaign=Search_Sale_CMX-EMX_Tipo-inmueble_DSA&utm_content=Casas-CMX&gad_source=1&page=99
[2026-10-07 20:05:30]   ==================================================
[2026-10-07 20:05:30]     URLs en página: 30 | pendientes: 0
[2026-10-07 20:05:30]   
[2026-10-07 20:05:30]     ✅ Página 99 COMPLETA. Marcada como done.
[2026-10-07 20:05:30]   
[2026-10-07 20:05:30]   ==================================================
[2026-10-07 20:05:30]   [LISTADO] Página 100: https://www.inmuebles24.com/casas-en-venta-en-gustavo-a.-madero-incluir-comercializa-remates-publisher.html?utm_source=google&utm_medium=cpc&utm_campaign=Search_Sale_CMX-EMX_Tipo-inmueble_DSA&utm_content=Casas-CMX&gad_source=1&page=100
[2026-10-07 20:05:30]   ==================================================
[2026-10-07 20:05:30]     URLs en página: 30 | pendientes: 0
[2026-10-07 20:05:30]   
[2026-10-07 20:05:30]     ✅ Página 100 COMPLETA. Marcada como done.
[2026-10-07 20:05:30]   
[2026-10-07 20:05:30]   ==================================================
[2026-10-07 20:05:30]   [LISTADO] Página 101: https://www.inmuebles24.com/casas-en-venta-en-gustavo-a.-madero-incluir-comercializa-remates-publisher.html?utm_source=google&utm_medium=cpc&utm_campaign=Search_Sale_CMX-EMX_Tipo-inmueble_DSA&utm_content=Casas-CMX&gad_source=1&page=101
[2026-10-07 20:05:30]   ==================================================
[2026-10-07 20:05:30]     URLs en página: 30 | pendientes: 0
[2026-10-07 20:05:30]   
[2026-10-07 20:05:30]     ✅ Página 101 COMPLETA. Marcada como done.
[2026-10-07 20:05:30]   
[2026-10-07 20:05:30]   ==================================================
[2026-10-07 20:05:30]   [LISTADO] Página 102: https://www.inmuebles24.com/casas-en-venta-en-gustavo-a.-madero-incluir-comercializa-remates-publisher.html?utm_source=google&utm_medium=cpc&utm_campaign=Search_Sale_CMX-EMX_Tipo-inmueble_DSA&utm_content=Casas-CMX&gad_source=1&page=102
[2026-10-07 20:05:30]   ==================================================
[2026-10-07 20:05:30]     URLs en página: 30 | pendientes: 0
[2026-10-07 20:05:30]   
[2026-10-07 20:05:30]     ✅ Página 102 COMPLETA. Marcada como done.
[2026-10-07 20:05:30]   
[2026-10-07 20:05:30]   ==================================================
[2026-10-07 20:05:30]   [LISTADO] Página 103: https://www.inmuebles24.com/casas-en-venta-en-gustavo-a.-madero-incluir-comercializa-remates-publisher.html?utm_source=google&utm_medium=cpc&utm_campaign=Search_Sale_CMX-EMX_Tipo-inmueble_DSA&utm_content=Casas-CMX&gad_source=1&page=103
[2026-10-07 20:05:30]   ==================================================
[2026-10-07 20:05:30]     URLs en página: 30 | pendientes: 0
[2026-10-07 20:05:30]   
[2026-10-07 20:05:30]     ✅ Página 103 COMPLETA. Marcada como done.
[2026-10-07 20:05:30]   
[2026-10-07 20:05:30]   ==================================================
[2026-10-07 20:05:30]   [LISTADO] Página 104: https://www.inmuebles24.com/casas-en-venta-en-gustavo-a.-madero-incluir-comercializa-remates-publisher.html?utm_source=google&utm_medium=cpc&utm_campaign=Search_Sale_CMX-EMX_Tipo-inmueble_DSA&utm_content=Casas-CMX&gad_source=1&page=104
[2026-10-07 20:05:30]   ==================================================
[2026-10-07 20:05:30]     URLs en página: 30 | pendientes: 0
[2026-10-07 20:05:30]   
[2026-10-07 20:05:30]     ✅ Página 104 COMPLETA. Marcada como done.
[2026-10-07 20:05:30]   
[2026-10-07 20:05:30]   ==================================================
[2026-10-07 20:05:30]   [LISTADO] Página 105: https://www.inmuebles24.com/casas-en-venta-en-gustavo-a.-madero-incluir-comercializa-remates-publisher.html?utm_source=google&utm_medium=cpc&utm_campaign=Search_Sale_CMX-EMX_Tipo-inmueble_DSA&utm_content=Casas-CMX&gad_source=1&page=105
[2026-10-07 20:05:30]   ==================================================
[2026-10-07 20:05:30]     URLs en página: 30 | pendientes: 0
[2026-10-07 20:05:30]   
[2026-10-07 20:05:30]     ✅ Página 105 COMPLETA. Marcada como done.
[2026-10-07 20:05:30]   
[2026-10-07 20:05:30]   ==================================================
[2026-10-07 20:05:30]   [LISTADO] Página 106: https://www.inmuebles24.com/casas-en-venta-en-gustavo-a.-madero-incluir-comercializa-remates-publisher.html?utm_source=google&utm_medium=cpc&utm_campaign=Search_Sale_CMX-EMX_Tipo-inmueble_DSA&utm_content=Casas-CMX&gad_source=1&page=106
[2026-10-07 20:05:30]   ==================================================
[2026-10-07 20:05:30]     URLs en página: 30 | pendientes: 0
[2026-10-07 20:05:30]   
[2026-10-07 20:05:30]     ✅ Página 106 COMPLETA. Marcada como done.
[2026-10-07 20:05:30]   
[2026-10-07 20:05:30]   ==================================================
[2026-10-07 20:05:30]   [LISTADO] Página 107: https://www.inmuebles24.com/casas-en-venta-en-gustavo-a.-madero-incluir-comercializa-remates-publisher.html?utm_source=google&utm_medium=cpc&utm_campaign=Search_Sale_CMX-EMX_Tipo-inmueble_DSA&utm_content=Casas-CMX&gad_source=1&page=107
[2026-10-07 20:05:30]   ==================================================
[2026-10-07 20:05:30]     URLs en página: 30 | pendientes: 0
[2026-10-07 20:05:30]   
[2026-10-07 20:05:30]     ✅ Página 107 COMPLETA. Marcada como done.
[2026-10-07 20:05:30]   
[2026-10-07 20:05:30]   ==================================================
[2026-10-07 20:05:30]   [LISTADO] Página 108: https://www.inmuebles24.com/casas-en-venta-en-gustavo-a.-madero-incluir-comercializa-remates-publisher.html?utm_source=google&utm_medium=cpc&utm_campaign=Search_Sale_CMX-EMX_Tipo-inmueble_DSA&utm_content=Casas-CMX&gad_source=1&page=108
[2026-10-07 20:05:30]   ==================================================
[2026-10-07 20:05:30]     URLs en página: 30 | pendientes: 0
[2026-10-07 20:05:30]   
[2026-10-07 20:05:30]     ✅ Página 108 COMPLETA. Marcada como done.
[2026-10-07 20:05:30]   
[2026-10-07 20:05:30]   ==================================================
[2026-10-07 20:05:30]   [LISTADO] Página 109: https://www.inmuebles24.com/casas-en-venta-en-gustavo-a.-madero-incluir-comercializa-remates-publisher.html?utm_source=google&utm_medium=cpc&utm_campaign=Search_Sale_CMX-EMX_Tipo-inmueble_DSA&utm_content=Casas-CMX&gad_source=1&page=109
[2026-10-07 20:05:30]   ==================================================
[2026-10-07 20:05:30]     URLs en página: 30 | pendientes: 0
[2026-10-07 20:05:30]   
[2026-10-07 20:05:30]     ✅ Página 109 COMPLETA. Marcada como done.
[2026-10-07 20:05:30]   
[2026-10-07 20:05:30]   ==================================================
[2026-10-07 20:05:30]   [LISTADO] Página 110: https://www.inmuebles24.com/casas-en-venta-en-gustavo-a.-madero-incluir-comercializa-remates-publisher.html?utm_source=google&utm_medium=cpc&utm_campaign=Search_Sale_CMX-EMX_Tipo-inmueble_DSA&utm_content=Casas-CMX&gad_source=1&page=110
[2026-10-07 20:05:30]   ==================================================
[2026-10-07 20:05:30]     URLs en página: 30 | pendientes: 0
[2026-10-07 20:05:30]   
[2026-10-07 20:05:30]     ✅ Página 110 COMPLETA. Marcada como done.
[2026-10-07 20:05:30]   
[2026-10-07 20:05:30]   ==================================================
[2026-10-07 20:05:30]   [LISTADO] Página 111: https://www.inmuebles24.com/casas-en-venta-en-gustavo-a.-madero-incluir-comercializa-remates-publisher.html?utm_source=google&utm_medium=cpc&utm_campaign=Search_Sale_CMX-EMX_Tipo-inmueble_DSA&utm_content=Casas-CMX&gad_source=1&page=111
[2026-10-07 20:05:30]   ==================================================
[2026-10-07 20:05:30]     URLs en página: 30 | pendientes: 0
[2026-10-07 20:05:30]   
[2026-10-07 20:05:30]     ✅ Página 111 COMPLETA. Marcada como done.
[2026-10-07 20:05:30]   
[2026-10-07 20:05:30]   ==================================================
[2026-10-07 20:05:30]   [LISTADO] Página 112: https://www.inmuebles24.com/casas-en-venta-en-gustavo-a.-madero-incluir-comercializa-remates-publisher.html?utm_source=google&utm_medium=cpc&utm_campaign=Search_Sale_CMX-EMX_Tipo-inmueble_DSA&utm_content=Casas-CMX&gad_source=1&page=112
[2026-10-07 20:05:30]   ==================================================
[2026-10-07 20:05:30]     URLs en página: 30 | pendientes: 0
[2026-10-07 20:05:30]   
[2026-10-07 20:05:30]     ✅ Página 112 COMPLETA. Marcada como done.
[2026-10-07 20:05:30]   
[2026-10-07 20:05:30]   ==================================================
[2026-10-07 20:05:30]   [LISTADO] Página 113: https://www.inmuebles24.com/casas-en-venta-en-gustavo-a.-madero-incluir-comercializa-remates-publisher.html?utm_source=google&utm_medium=cpc&utm_campaign=Search_Sale_CMX-EMX_Tipo-inmueble_DSA&utm_content=Casas-CMX&gad_source=1&page=113
[2026-10-07 20:05:30]   ==================================================
[2026-10-07 20:05:30]     URLs en página: 30 | pendientes: 0
[2026-10-07 20:05:30]   
[2026-10-07 20:05:30]     ✅ Página 113 COMPLETA. Marcada como done.
[2026-10-07 20:05:30]   
[2026-10-07 20:05:30]   ==================================================
[2026-10-07 20:05:30]   [LISTADO] Página 114: https://www.inmuebles24.com/casas-en-venta-en-gustavo-a.-madero-incluir-comercializa-remates-publisher.html?utm_source=google&utm_medium=cpc&utm_campaign=Search_Sale_CMX-EMX_Tipo-inmueble_DSA&utm_content=Casas-CMX&gad_source=1&page=114
[2026-10-07 20:05:30]   ==================================================
[2026-10-07 20:05:30]     URLs en página: 30 | pendientes: 0
[2026-10-07 20:05:30]   
[2026-10-07 20:05:30]     ✅ Página 114 COMPLETA. Marcada como done.
[2026-10-07 20:05:30]   
[2026-10-07 20:05:30]   ==================================================
[2026-10-07 20:05:30]   [LISTADO] Página 115: https://www.inmuebles24.com/casas-en-venta-en-gustavo-a.-madero-incluir-comercializa-remates-publisher.html?utm_source=google&utm_medium=cpc&utm_campaign=Search_Sale_CMX-EMX_Tipo-inmueble_DSA&utm_content=Casas-CMX&gad_source=1&page=115
[2026-10-07 20:05:30]   ==================================================
[2026-10-07 20:05:30]     URLs en página: 30 | pendientes: 0
[2026-10-07 20:05:30]   
[2026-10-07 20:05:30]     ✅ Página 115 COMPLETA. Marcada como done.
[2026-10-07 20:05:30]   
[2026-10-07 20:05:30]   ==================================================
[2026-10-07 20:05:30]   [LISTADO] Página 116: https://www.inmuebles24.com/casas-en-venta-en-gustavo-a.-madero-incluir-comercializa-remates-publisher.html?utm_source=google&utm_medium=cpc&utm_campaign=Search_Sale_CMX-EMX_Tipo-inmueble_DSA&utm_content=Casas-CMX&gad_source=1&page=116
[2026-10-07 20:05:30]   ==================================================
[2026-10-07 20:05:30]     URLs en página: 30 | pendientes: 0
[2026-10-07 20:05:30]   
[2026-10-07 20:05:30]     ✅ Página 116 COMPLETA. Marcada como done.
[2026-10-07 20:05:30]   
[2026-10-07 20:05:30]   ==================================================
[2026-10-07 20:05:30]   [LISTADO] Página 117: https://www.inmuebles24.com/casas-en-venta-en-gustavo-a.-madero-incluir-comercializa-remates-publisher.html?utm_source=google&utm_medium=cpc&utm_campaign=Search_Sale_CMX-EMX_Tipo-inmueble_DSA&utm_content=Casas-CMX&gad_source=1&page=117
[2026-10-07 20:05:30]   ==================================================
[2026-10-07 20:05:30]     URLs en página: 30 | pendientes: 0
[2026-10-07 20:05:30]   
[2026-10-07 20:05:30]     ✅ Página 117 COMPLETA. Marcada como done.
[2026-10-07 20:05:30]   
[2026-10-07 20:05:30]   ==================================================
[2026-10-07 20:05:30]   [LISTADO] Página 118: https://www.inmuebles24.com/casas-en-venta-en-gustavo-a.-madero-incluir-comercializa-remates-publisher.html?utm_source=google&utm_medium=cpc&utm_campaign=Search_Sale_CMX-EMX_Tipo-inmueble_DSA&utm_content=Casas-CMX&gad_source=1&page=118
[2026-10-07 20:05:30]   ==================================================
[2026-10-07 20:05:30]     URLs en página: 30 | pendientes: 0
[2026-10-07 20:05:30]   
[2026-10-07 20:05:30]     ✅ Página 118 COMPLETA. Marcada como done.
[2026-10-07 20:05:30]   
[2026-10-07 20:05:30]   ==================================================
[2026-10-07 20:05:30]   [LISTADO] Página 119: https://www.inmuebles24.com/casas-en-venta-en-gustavo-a.-madero-incluir-comercializa-remates-publisher.html?utm_source=google&utm_medium=cpc&utm_campaign=Search_Sale_CMX-EMX_Tipo-inmueble_DSA&utm_content=Casas-CMX&gad_source=1&page=119
[2026-10-07 20:05:30]   ==================================================
[2026-10-07 20:05:30]     URLs en página: 30 | pendientes: 0
[2026-10-07 20:05:30]   
[2026-10-07 20:05:30]     ✅ Página 119 COMPLETA. Marcada como done.
[2026-10-07 20:05:30]   
[2026-10-07 20:05:30]   ==================================================
[2026-10-07 20:05:30]   [LISTADO] Página 120: https://www.inmuebles24.com/casas-en-venta-en-gustavo-a.-madero-incluir-comercializa-remates-publisher.html?utm_source=google&utm_medium=cpc&utm_campaign=Search_Sale_CMX-EMX_Tipo-inmueble_DSA&utm_content=Casas-CMX&gad_source=1&page=120
[2026-10-07 20:05:30]   ==================================================
[2026-10-07 20:05:30]     URLs en página: 30 | pendientes: 0
[2026-10-07 20:05:30]   
[2026-10-07 20:05:30]     ✅ Página 120 COMPLETA. Marcada como done.
[2026-10-07 20:05:30]   
[2026-10-07 20:05:30]   ==================================================
[2026-10-07 20:05:30]   [LISTADO] Página 121: https://www.inmuebles24.com/casas-en-venta-en-gustavo-a.-madero-incluir-comercializa-remates-publisher.html?utm_source=google&utm_medium=cpc&utm_campaign=Search_Sale_CMX-EMX_Tipo-inmueble_DSA&utm_content=Casas-CMX&gad_source=1&page=121
[2026-10-07 20:05:30]   ==================================================
[2026-10-07 20:05:30]     URLs en página: 30 | pendientes: 0
[2026-10-07 20:05:30]   
[2026-10-07 20:05:30]     ✅ Página 121 COMPLETA. Marcada como done.
[2026-10-07 20:05:30]   
[2026-10-07 20:05:30]   ==================================================
[2026-10-07 20:05:30]   [LISTADO] Página 122: https://www.inmuebles24.com/casas-en-venta-en-gustavo-a.-madero-incluir-comercializa-remates-publisher.html?utm_source=google&utm_medium=cpc&utm_campaign=Search_Sale_CMX-EMX_Tipo-inmueble_DSA&utm_content=Casas-CMX&gad_source=1&page=122
[2026-10-07 20:05:30]   ==================================================
[2026-10-07 20:05:30]     URLs en página: 30 | pendientes: 0
[2026-10-07 20:05:30]   
[2026-10-07 20:05:30]     ✅ Página 122 COMPLETA. Marcada como done.
[2026-10-07 20:05:30]   
[2026-10-07 20:05:30]   ==================================================
[2026-10-07 20:05:30]   [LISTADO] Página 123: https://www.inmuebles24.com/casas-en-venta-en-gustavo-a.-madero-incluir-comercializa-remates-publisher.html?utm_source=google&utm_medium=cpc&utm_campaign=Search_Sale_CMX-EMX_Tipo-inmueble_DSA&utm_content=Casas-CMX&gad_source=1&page=123
[2026-10-07 20:05:30]   ==================================================
[2026-10-07 20:05:30]     URLs en página: 30 | pendientes: 0
[2026-10-07 20:05:30]   
[2026-10-07 20:05:30]     ✅ Página 123 COMPLETA. Marcada como done.
[2026-10-07 20:05:30]   
[2026-10-07 20:05:30]   ==================================================
[2026-10-07 20:05:30]   [LISTADO] Página 124: https://www.inmuebles24.com/casas-en-venta-en-gustavo-a.-madero-incluir-comercializa-remates-publisher.html?utm_source=google&utm_medium=cpc&utm_campaign=Search_Sale_CMX-EMX_Tipo-inmueble_DSA&utm_content=Casas-CMX&gad_source=1&page=124
[2026-10-07 20:05:30]   ==================================================
[2026-10-07 20:05:30]     URLs en página: 30 | pendientes: 0
[2026-10-07 20:05:30]   
[2026-10-07 20:05:30]     ✅ Página 124 COMPLETA. Marcada como done.
[2026-10-07 20:05:30]   
[2026-10-07 20:05:30]   ==================================================
[2026-10-07 20:05:30]   [LISTADO] Página 125: https://www.inmuebles24.com/casas-en-venta-en-gustavo-a.-madero-incluir-comercializa-remates-publisher.html?utm_source=google&utm_medium=cpc&utm_campaign=Search_Sale_CMX-EMX_Tipo-inmueble_DSA&utm_content=Casas-CMX&gad_source=1&page=125
[2026-10-07 20:05:30]   ==================================================
[2026-10-07 20:05:30]     URLs en página: 30 | pendientes: 0
[2026-10-07 20:05:30]   
[2026-10-07 20:05:30]     ✅ Página 125 COMPLETA. Marcada como done.
[2026-10-07 20:05:30]   
[2026-10-07 20:05:30]   ==================================================
[2026-10-07 20:05:30]   [LISTADO] Página 126: https://www.inmuebles24.com/casas-en-venta-en-gustavo-a.-madero-incluir-comercializa-remates-publisher.html?utm_source=google&utm_medium=cpc&utm_campaign=Search_Sale_CMX-EMX_Tipo-inmueble_DSA&utm_content=Casas-CMX&gad_source=1&page=126
[2026-10-07 20:05:30]   ==================================================
[2026-10-07 20:05:30]     URLs en página: 30 | pendientes: 0
[2026-10-07 20:05:30]   
[2026-10-07 20:05:30]     ✅ Página 126 COMPLETA. Marcada como done.
[2026-10-07 20:05:30]   
[2026-10-07 20:05:30]   ==================================================
[2026-10-07 20:05:30]   [LISTADO] Página 127: https://www.inmuebles24.com/casas-en-venta-en-gustavo-a.-madero-incluir-comercializa-remates-publisher.html?utm_source=google&utm_medium=cpc&utm_campaign=Search_Sale_CMX-EMX_Tipo-inmueble_DSA&utm_content=Casas-CMX&gad_source=1&page=127
[2026-10-07 20:05:30]   ==================================================
[2026-10-07 20:05:30]     URLs en página: 30 | pendientes: 0
[2026-10-07 20:05:30]   
[2026-10-07 20:05:30]     ✅ Página 127 COMPLETA. Marcada como done.
[2026-10-07 20:05:30]   
[2026-10-07 20:05:30]   ==================================================
[2026-10-07 20:05:30]   [LISTADO] Página 128: https://www.inmuebles24.com/casas-en-venta-en-gustavo-a.-madero-incluir-comercializa-remates-publisher.html?utm_source=google&utm_medium=cpc&utm_campaign=Search_Sale_CMX-EMX_Tipo-inmueble_DSA&utm_content=Casas-CMX&gad_source=1&page=128
[2026-10-07 20:05:30]   ==================================================
[2026-10-07 20:05:30]     URLs en página: 30 | pendientes: 0
[2026-10-07 20:05:30]   
[2026-10-07 20:05:30]     ✅ Página 128 COMPLETA. Marcada como done.
[2026-10-07 20:05:30]   
[2026-10-07 20:05:30]   ==================================================
[2026-10-07 20:05:30]   [LISTADO] Página 129: https://www.inmuebles24.com/casas-en-venta-en-gustavo-a.-madero-incluir-comercializa-remates-publisher.html?utm_source=google&utm_medium=cpc&utm_campaign=Search_Sale_CMX-EMX_Tipo-inmueble_DSA&utm_content=Casas-CMX&gad_source=1&page=129
[2026-10-07 20:05:30]   ==================================================
[2026-10-07 20:05:30]     URLs en página: 30 | pendientes: 0
[2026-10-07 20:05:30]   
[2026-10-07 20:05:30]     ✅ Página 129 COMPLETA. Marcada como done.
[2026-10-07 20:05:30]   
[2026-10-07 20:05:30]   ==================================================
[2026-10-07 20:05:30]   [LISTADO] Página 130: https://www.inmuebles24.com/casas-en-venta-en-gustavo-a.-madero-incluir-comercializa-remates-publisher.html?utm_source=google&utm_medium=cpc&utm_campaign=Search_Sale_CMX-EMX_Tipo-inmueble_DSA&utm_content=Casas-CMX&gad_source=1&page=130
[2026-10-07 20:05:30]   ==================================================
[2026-10-07 20:05:30]     URLs en página: 30 | pendientes: 0
[2026-10-07 20:05:30]   
[2026-10-07 20:05:30]     ✅ Página 130 COMPLETA. Marcada como done.
[2026-10-07 20:05:30]   
[2026-10-07 20:05:30]   ==================================================
[2026-10-07 20:05:30]   [LISTADO] Página 131: https://www.inmuebles24.com/casas-en-venta-en-gustavo-a.-madero-incluir-comercializa-remates-publisher.html?utm_source=google&utm_medium=cpc&utm_campaign=Search_Sale_CMX-EMX_Tipo-inmueble_DSA&utm_content=Casas-CMX&gad_source=1&page=131
[2026-10-07 20:05:30]   ==================================================
[2026-10-07 20:05:30]     URLs en página: 30 | pendientes: 0
[2026-10-07 20:05:30]   
[2026-10-07 20:05:30]     ✅ Página 131 COMPLETA. Marcada como done.
[2026-10-07 20:05:30]   
[2026-10-07 20:05:30]   ==================================================
[2026-10-07 20:05:30]   [LISTADO] Página 132: https://www.inmuebles24.com/casas-en-venta-en-gustavo-a.-madero-incluir-comercializa-remates-publisher.html?utm_source=google&utm_medium=cpc&utm_campaign=Search_Sale_CMX-EMX_Tipo-inmueble_DSA&utm_content=Casas-CMX&gad_source=1&page=132
[2026-10-07 20:05:30]   ==================================================
[2026-10-07 20:05:30]     URLs en página: 30 | pendientes: 0
[2026-10-07 20:05:30]   
[2026-10-07 20:05:30]     ✅ Página 132 COMPLETA. Marcada como done.
[2026-10-07 20:05:30]   
[2026-10-07 20:05:30]   ==================================================
[2026-10-07 20:05:30]   [LISTADO] Página 133: https://www.inmuebles24.com/casas-en-venta-en-gustavo-a.-madero-incluir-comercializa-remates-publisher.html?utm_source=google&utm_medium=cpc&utm_campaign=Search_Sale_CMX-EMX_Tipo-inmueble_DSA&utm_content=Casas-CMX&gad_source=1&page=133
[2026-10-07 20:05:30]   ==================================================
[2026-10-07 20:05:30]     URLs en página: 30 | pendientes: 0
[2026-10-07 20:05:30]   
[2026-10-07 20:05:30]     ✅ Página 133 COMPLETA. Marcada como done.
[2026-10-07 20:05:30]   
[2026-10-07 20:05:30]   ==================================================
[2026-10-07 20:05:30]   [LISTADO] Página 134: https://www.inmuebles24.com/casas-en-venta-en-gustavo-a.-madero-incluir-comercializa-remates-publisher.html?utm_source=google&utm_medium=cpc&utm_campaign=Search_Sale_CMX-EMX_Tipo-inmueble_DSA&utm_content=Casas-CMX&gad_source=1&page=134
[2026-10-07 20:05:30]   ==================================================
[2026-10-07 20:05:30]     URLs en página: 30 | pendientes: 0
[2026-10-07 20:05:30]   
[2026-10-07 20:05:30]     ✅ Página 134 COMPLETA. Marcada como done.
[2026-10-07 20:05:30]   
[2026-10-07 20:05:30]   ==================================================
[2026-10-07 20:05:30]   [LISTADO] Página 135: https://www.inmuebles24.com/casas-en-venta-en-gustavo-a.-madero-incluir-comercializa-remates-publisher.html?utm_source=google&utm_medium=cpc&utm_campaign=Search_Sale_CMX-EMX_Tipo-inmueble_DSA&utm_content=Casas-CMX&gad_source=1&page=135
[2026-10-07 20:05:30]   ==================================================
[2026-10-07 20:05:30]     URLs en página: 30 | pendientes: 0
[2026-10-07 20:05:30]   
[2026-10-07 20:05:30]     ✅ Página 135 COMPLETA. Marcada como done.
[2026-10-07 20:05:30]   
[2026-10-07 20:05:30]   ==================================================
[2026-10-07 20:05:30]   [LISTADO] Página 136: https://www.inmuebles24.com/casas-en-venta-en-gustavo-a.-madero-incluir-comercializa-remates-publisher.html?utm_source=google&utm_medium=cpc&utm_campaign=Search_Sale_CMX-EMX_Tipo-inmueble_DSA&utm_content=Casas-CMX&gad_source=1&page=136
[2026-10-07 20:05:30]   ==================================================
[2026-10-07 20:05:30]     URLs en página: 30 | pendientes: 0
[2026-10-07 20:05:30]   
[2026-10-07 20:05:30]     ✅ Página 136 COMPLETA. Marcada como done.
[2026-10-07 20:05:30]   
[2026-10-07 20:05:30]   ==================================================
[2026-10-07 20:05:30]   [LISTADO] Página 137: https://www.inmuebles24.com/casas-en-venta-en-gustavo-a.-madero-incluir-comercializa-remates-publisher.html?utm_source=google&utm_medium=cpc&utm_campaign=Search_Sale_CMX-EMX_Tipo-inmueble_DSA&utm_content=Casas-CMX&gad_source=1&page=137
[2026-10-07 20:05:30]   ==================================================
[2026-10-07 20:05:30]     URLs en página: 30 | pendientes: 0
[2026-10-07 20:05:30]   
[2026-10-07 20:05:30]     ✅ Página 137 COMPLETA. Marcada como done.
[2026-10-07 20:05:30]   
[2026-10-07 20:05:30]   ==================================================
[2026-10-07 20:05:30]   [LISTADO] Página 138: https://www.inmuebles24.com/casas-en-venta-en-gustavo-a.-madero-incluir-comercializa-remates-publisher.html?utm_source=google&utm_medium=cpc&utm_campaign=Search_Sale_CMX-EMX_Tipo-inmueble_DSA&utm_content=Casas-CMX&gad_source=1&page=138
[2026-10-07 20:05:30]   ==================================================
[2026-10-07 20:05:30]     URLs en página: 30 | pendientes: 0
[2026-10-07 20:05:30]   
[2026-10-07 20:05:30]     ✅ Página 138 COMPLETA. Marcada como done.
[2026-10-07 20:05:30]   
[2026-10-07 20:05:30]   ==================================================
[2026-10-07 20:05:30]   [LISTADO] Página 139: https://www.inmuebles24.com/casas-en-venta-en-gustavo-a.-madero-incluir-comercializa-remates-publisher.html?utm_source=google&utm_medium=cpc&utm_campaign=Search_Sale_CMX-EMX_Tipo-inmueble_DSA&utm_content=Casas-CMX&gad_source=1&page=139
[2026-10-07 20:05:30]   ==================================================
[2026-10-07 20:05:30]     URLs en página: 30 | pendientes: 0
[2026-10-07 20:05:30]   
[2026-10-07 20:05:30]     ✅ Página 139 COMPLETA. Marcada como done.
[2026-10-07 20:05:30]   
[2026-10-07 20:05:30]   ==================================================
[2026-10-07 20:05:30]   [LISTADO] Página 140: https://www.inmuebles24.com/casas-en-venta-en-gustavo-a.-madero-incluir-comercializa-remates-publisher.html?utm_source=google&utm_medium=cpc&utm_campaign=Search_Sale_CMX-EMX_Tipo-inmueble_DSA&utm_content=Casas-CMX&gad_source=1&page=140
[2026-10-07 20:05:30]   ==================================================
[2026-10-07 20:05:30]     URLs en página: 30 | pendientes: 0
[2026-10-07 20:05:30]   
[2026-10-07 20:05:30]     ✅ Página 140 COMPLETA. Marcada como done.
[2026-10-07 20:05:30]   
[2026-10-07 20:05:30]   ==================================================
[2026-10-07 20:05:30]   [LISTADO] Página 141: https://www.inmuebles24.com/casas-en-venta-en-gustavo-a.-madero-incluir-comercializa-remates-publisher.html?utm_source=google&utm_medium=cpc&utm_campaign=Search_Sale_CMX-EMX_Tipo-inmueble_DSA&utm_content=Casas-CMX&gad_source=1&page=141
[2026-10-07 20:05:30]   ==================================================
[2026-10-07 20:05:30]     URLs en página: 30 | pendientes: 0
[2026-10-07 20:05:30]   
[2026-10-07 20:05:30]     ✅ Página 141 COMPLETA. Marcada como done.
[2026-10-07 20:05:30]   
[2026-10-07 20:05:30]   ==================================================
[2026-10-07 20:05:30]   [LISTADO] Página 142: https://www.inmuebles24.com/casas-en-venta-en-gustavo-a.-madero-incluir-comercializa-remates-publisher.html?utm_source=google&utm_medium=cpc&utm_campaign=Search_Sale_CMX-EMX_Tipo-inmueble_DSA&utm_content=Casas-CMX&gad_source=1&page=142
[2026-10-07 20:05:30]   ==================================================
[2026-10-07 20:05:30]     URLs en página: 30 | pendientes: 0
[2026-10-07 20:05:30]   
[2026-10-07 20:05:30]     ✅ Página 142 COMPLETA. Marcada como done.
[2026-10-07 20:05:30]   
[2026-10-07 20:05:30]   ==================================================
[2026-10-07 20:05:30]   [LISTADO] Página 143: https://www.inmuebles24.com/casas-en-venta-en-gustavo-a.-madero-incluir-comercializa-remates-publisher.html?utm_source=google&utm_medium=cpc&utm_campaign=Search_Sale_CMX-EMX_Tipo-inmueble_DSA&utm_content=Casas-CMX&gad_source=1&page=143
[2026-10-07 20:05:30]   ==================================================
[2026-10-07 20:05:30]     URLs en página: 30 | pendientes: 0
[2026-10-07 20:05:30]   
[2026-10-07 20:05:30]     ✅ Página 143 COMPLETA. Marcada como done.
[2026-10-07 20:05:30]   
[2026-10-07 20:05:30]   ==================================================
[2026-10-07 20:05:30]   [LISTADO] Página 144: https://www.inmuebles24.com/casas-en-venta-en-gustavo-a.-madero-incluir-comercializa-remates-publisher.html?utm_source=google&utm_medium=cpc&utm_campaign=Search_Sale_CMX-EMX_Tipo-inmueble_DSA&utm_content=Casas-CMX&gad_source=1&page=144
[2026-10-07 20:05:30]   ==================================================
[2026-10-07 20:05:30]     URLs en página: 30 | pendientes: 0
[2026-10-07 20:05:30]   
[2026-10-07 20:05:30]     ✅ Página 144 COMPLETA. Marcada como done.
[2026-10-07 20:05:30]   
[2026-10-07 20:05:30]   ==================================================
[2026-10-07 20:05:30]   [LISTADO] Página 145: https://www.inmuebles24.com/casas-en-venta-en-gustavo-a.-madero-incluir-comercializa-remates-publisher.html?utm_source=google&utm_medium=cpc&utm_campaign=Search_Sale_CMX-EMX_Tipo-inmueble_DSA&utm_content=Casas-CMX&gad_source=1&page=145
[2026-10-07 20:05:30]   ==================================================
[2026-10-07 20:05:30]     URLs en página: 30 | pendientes: 0
[2026-10-07 20:05:30]   
[2026-10-07 20:05:30]     ✅ Página 145 COMPLETA. Marcada como done.
[2026-10-07 20:05:30]   
[2026-10-07 20:05:30]   ==================================================
[2026-10-07 20:05:30]   [LISTADO] Página 146: https://www.inmuebles24.com/casas-en-venta-en-gustavo-a.-madero-incluir-comercializa-remates-publisher.html?utm_source=google&utm_medium=cpc&utm_campaign=Search_Sale_CMX-EMX_Tipo-inmueble_DSA&utm_content=Casas-CMX&gad_source=1&page=146
[2026-10-07 20:05:30]   ==================================================
[2026-10-07 20:05:30]     URLs en página: 30 | pendientes: 0
[2026-10-07 20:05:30]   
[2026-10-07 20:05:30]     ✅ Página 146 COMPLETA. Marcada como done.
[2026-10-07 20:05:30]   
[2026-10-07 20:05:30]   ==================================================
[2026-10-07 20:05:30]   [LISTADO] Página 147: https://www.inmuebles24.com/casas-en-venta-en-gustavo-a.-madero-incluir-comercializa-remates-publisher.html?utm_source=google&utm_medium=cpc&utm_campaign=Search_Sale_CMX-EMX_Tipo-inmueble_DSA&utm_content=Casas-CMX&gad_source=1&page=147
[2026-10-07 20:05:30]   ==================================================
[2026-10-07 20:05:30]     URLs en página: 30 | pendientes: 0
[2026-10-07 20:05:30]   
[2026-10-07 20:05:30]     ✅ Página 147 COMPLETA. Marcada como done.
[2026-10-07 20:05:30]   
[2026-10-07 20:05:30]   ==================================================
[2026-10-07 20:05:30]   [LISTADO] Página 148: https://www.inmuebles24.com/casas-en-venta-en-gustavo-a.-madero-incluir-comercializa-remates-publisher.html?utm_source=google&utm_medium=cpc&utm_campaign=Search_Sale_CMX-EMX_Tipo-inmueble_DSA&utm_content=Casas-CMX&gad_source=1&page=148
[2026-10-07 20:05:30]   ==================================================
[2026-10-07 20:05:30]     URLs en página: 30 | pendientes: 0
[2026-10-07 20:05:30]   
[2026-10-07 20:05:30]     ✅ Página 148 COMPLETA. Marcada como done.
[2026-10-07 20:05:30]   
[2026-10-07 20:05:30]   ==================================================
[2026-10-07 20:05:30]   [LISTADO] Página 149: https://www.inmuebles24.com/casas-en-venta-en-gustavo-a.-madero-incluir-comercializa-remates-publisher.html?utm_source=google&utm_medium=cpc&utm_campaign=Search_Sale_CMX-EMX_Tipo-inmueble_DSA&utm_content=Casas-CMX&gad_source=1&page=149
[2026-10-07 20:05:30]   ==================================================
[2026-10-07 20:05:30]     URLs en página: 30 | pendientes: 0
[2026-10-07 20:05:30]   
[2026-10-07 20:05:30]     ✅ Página 149 COMPLETA. Marcada como done.
[2026-10-07 20:05:30]   
[2026-10-07 20:05:30]   ==================================================
[2026-10-07 20:05:30]   [LISTADO] Página 150: https://www.inmuebles24.com/casas-en-venta-en-gustavo-a.-madero-incluir-comercializa-remates-publisher.html?utm_source=google&utm_medium=cpc&utm_campaign=Search_Sale_CMX-EMX_Tipo-inmueble_DSA&utm_content=Casas-CMX&gad_source=1&page=150
[2026-10-07 20:05:30]   ==================================================
[2026-10-07 20:05:30]     URLs en página: 30 | pendientes: 0
[2026-10-07 20:05:30]   
[2026-10-07 20:05:30]     ✅ Página 150 COMPLETA. Marcada como done.
[2026-10-07 20:05:30]   
[2026-10-07 20:05:30]   ==================================================
[2026-10-07 20:05:30]   [LISTADO] Página 151: https://www.inmuebles24.com/casas-en-venta-en-gustavo-a.-madero-incluir-comercializa-remates-publisher.html?utm_source=google&utm_medium=cpc&utm_campaign=Search_Sale_CMX-EMX_Tipo-inmueble_DSA&utm_content=Casas-CMX&gad_source=1&page=151
[2026-10-07 20:05:30]   ==================================================
[2026-10-07 20:05:30]     URLs en página: 30 | pendientes: 0
[2026-10-07 20:05:30]   
[2026-10-07 20:05:30]     ✅ Página 151 COMPLETA. Marcada como done.
[2026-10-07 20:05:30]   
[2026-10-07 20:05:30]   ==================================================
[2026-10-07 20:05:30]   [LISTADO] Página 152: https://www.inmuebles24.com/casas-en-venta-en-gustavo-a.-madero-incluir-comercializa-remates-publisher.html?utm_source=google&utm_medium=cpc&utm_campaign=Search_Sale_CMX-EMX_Tipo-inmueble_DSA&utm_content=Casas-CMX&gad_source=1&page=152
[2026-10-07 20:05:30]   ==================================================
[2026-10-07 20:05:30]     URLs en página: 30 | pendientes: 0
[2026-10-07 20:05:30]   
[2026-10-07 20:05:30]     ✅ Página 152 COMPLETA. Marcada como done.
[2026-10-07 20:05:30]   
[2026-10-07 20:05:30]   ==================================================
[2026-10-07 20:05:30]   [LISTADO] Página 153: https://www.inmuebles24.com/casas-en-venta-en-gustavo-a.-madero-incluir-comercializa-remates-publisher.html?utm_source=google&utm_medium=cpc&utm_campaign=Search_Sale_CMX-EMX_Tipo-inmueble_DSA&utm_content=Casas-CMX&gad_source=1&page=153
[2026-10-07 20:05:30]   ==================================================
[2026-10-07 20:05:30]     URLs en página: 30 | pendientes: 0
[2026-10-07 20:05:30]   
[2026-10-07 20:05:30]     ✅ Página 153 COMPLETA. Marcada como done.
[2026-10-07 20:05:30]   
[2026-10-07 20:05:30]   ==================================================
[2026-10-07 20:05:30]   [LISTADO] Página 154: https://www.inmuebles24.com/casas-en-venta-en-gustavo-a.-madero-incluir-comercializa-remates-publisher.html?utm_source=google&utm_medium=cpc&utm_campaign=Search_Sale_CMX-EMX_Tipo-inmueble_DSA&utm_content=Casas-CMX&gad_source=1&page=154
[2026-10-07 20:05:30]   ==================================================
[2026-10-07 20:05:30]     URLs en página: 30 | pendientes: 0
[2026-10-07 20:05:30]   
[2026-10-07 20:05:30]     ✅ Página 154 COMPLETA. Marcada como done.
[2026-10-07 20:05:30]   
[2026-10-07 20:05:30]   ==================================================
[2026-10-07 20:05:30]   [LISTADO] Página 155: https://www.inmuebles24.com/casas-en-venta-en-gustavo-a.-madero-incluir-comercializa-remates-publisher.html?utm_source=google&utm_medium=cpc&utm_campaign=Search_Sale_CMX-EMX_Tipo-inmueble_DSA&utm_content=Casas-CMX&gad_source=1&page=155
[2026-10-07 20:05:30]   ==================================================
[2026-10-07 20:05:30]     URLs en página: 30 | pendientes: 0
[2026-10-07 20:05:30]   
[2026-10-07 20:05:30]     ✅ Página 155 COMPLETA. Marcada como done.
[2026-10-07 20:05:30]   
[2026-10-07 20:05:30]   ==================================================
[2026-10-07 20:05:30]   [LISTADO] Página 156: https://www.inmuebles24.com/casas-en-venta-en-gustavo-a.-madero-incluir-comercializa-remates-publisher.html?utm_source=google&utm_medium=cpc&utm_campaign=Search_Sale_CMX-EMX_Tipo-inmueble_DSA&utm_content=Casas-CMX&gad_source=1&page=156
[2026-10-07 20:05:30]   ==================================================
[2026-10-07 20:05:30]     URLs en página: 30 | pendientes: 0
[2026-10-07 20:05:30]   
[2026-10-07 20:05:30]     ✅ Página 156 COMPLETA. Marcada como done.
[2026-10-07 20:05:30]   
[2026-10-07 20:05:30]   ==================================================
[2026-10-07 20:05:30]   [LISTADO] Página 157: https://www.inmuebles24.com/casas-en-venta-en-gustavo-a.-madero-incluir-comercializa-remates-publisher.html?utm_source=google&utm_medium=cpc&utm_campaign=Search_Sale_CMX-EMX_Tipo-inmueble_DSA&utm_content=Casas-CMX&gad_source=1&page=157
[2026-10-07 20:05:30]   ==================================================
[2026-10-07 20:05:30]     URLs en página: 30 | pendientes: 0
[2026-10-07 20:05:30]   
[2026-10-07 20:05:30]     ✅ Página 157 COMPLETA. Marcada como done.
[2026-10-07 20:05:30]   
[2026-10-07 20:05:30]   ==================================================
[2026-10-07 20:05:30]   [LISTADO] Página 158: https://www.inmuebles24.com/casas-en-venta-en-gustavo-a.-madero-incluir-comercializa-remates-publisher.html?utm_source=google&utm_medium=cpc&utm_campaign=Search_Sale_CMX-EMX_Tipo-inmueble_DSA&utm_content=Casas-CMX&gad_source=1&page=158
[2026-10-07 20:05:30]   ==================================================
[2026-10-07 20:05:30]     URLs en página: 30 | pendientes: 0
[2026-10-07 20:05:30]   
[2026-10-07 20:05:30]     ✅ Página 158 COMPLETA. Marcada como done.
[2026-10-07 20:05:30]   
[2026-10-07 20:05:30]   ==================================================
[2026-10-07 20:05:30]   [LISTADO] Página 159: https://www.inmuebles24.com/casas-en-venta-en-gustavo-a.-madero-incluir-comercializa-remates-publisher.html?utm_source=google&utm_medium=cpc&utm_campaign=Search_Sale_CMX-EMX_Tipo-inmueble_DSA&utm_content=Casas-CMX&gad_source=1&page=159
[2026-10-07 20:05:30]   ==================================================
[2026-10-07 20:05:30]     URLs en página: 30 | pendientes: 0
[2026-10-07 20:05:30]   
[2026-10-07 20:05:30]     ✅ Página 159 COMPLETA. Marcada como done.
[2026-10-07 20:05:30]   
[2026-10-07 20:05:30]   ==================================================
[2026-10-07 20:05:30]   [LISTADO] Página 160: https://www.inmuebles24.com/casas-en-venta-en-gustavo-a.-madero-incluir-comercializa-remates-publisher.html?utm_source=google&utm_medium=cpc&utm_campaign=Search_Sale_CMX-EMX_Tipo-inmueble_DSA&utm_content=Casas-CMX&gad_source=1&page=160
[2026-10-07 20:05:30]   ==================================================
[2026-10-07 20:05:30]     URLs en página: 30 | pendientes: 0
[2026-10-07 20:05:30]   
[2026-10-07 20:05:30]     ✅ Página 160 COMPLETA. Marcada como done.
[2026-10-07 20:05:30]   
[2026-10-07 20:05:30]   ==================================================
[2026-10-07 20:05:30]   [LISTADO] Página 161: https://www.inmuebles24.com/casas-en-venta-en-gustavo-a.-madero-incluir-comercializa-remates-publisher.html?utm_source=google&utm_medium=cpc&utm_campaign=Search_Sale_CMX-EMX_Tipo-inmueble_DSA&utm_content=Casas-CMX&gad_source=1&page=161
[2026-10-07 20:05:30]   ==================================================
[2026-10-07 20:05:30]     URLs en página: 30 | pendientes: 0
[2026-10-07 20:05:30]   
[2026-10-07 20:05:30]     ✅ Página 161 COMPLETA. Marcada como done.
[2026-10-07 20:05:30]   
[2026-10-07 20:05:30]   ==================================================
[2026-10-07 20:05:30]   [LISTADO] Página 162: https://www.inmuebles24.com/casas-en-venta-en-gustavo-a.-madero-incluir-comercializa-remates-publisher.html?utm_source=google&utm_medium=cpc&utm_campaign=Search_Sale_CMX-EMX_Tipo-inmueble_DSA&utm_content=Casas-CMX&gad_source=1&page=162
[2026-10-07 20:05:30]   ==================================================
[2026-10-07 20:05:30]     URLs en página: 30 | pendientes: 0
[2026-10-07 20:05:30]   
[2026-10-07 20:05:30]     ✅ Página 162 COMPLETA. Marcada como done.
[2026-10-07 20:05:30]   
[2026-10-07 20:05:30]   ==================================================
[2026-10-07 20:05:30]   [LISTADO] Página 163: https://www.inmuebles24.com/casas-en-venta-en-gustavo-a.-madero-incluir-comercializa-remates-publisher.html?utm_source=google&utm_medium=cpc&utm_campaign=Search_Sale_CMX-EMX_Tipo-inmueble_DSA&utm_content=Casas-CMX&gad_source=1&page=163
[2026-10-07 20:05:30]   ==================================================
[2026-10-07 20:05:30]     URLs en página: 30 | pendientes: 0
[2026-10-07 20:05:30]   
[2026-10-07 20:05:30]     ✅ Página 163 COMPLETA. Marcada como done.
[2026-10-07 20:05:30]   
[2026-10-07 20:05:30]   ==================================================
[2026-10-07 20:05:30]   [LISTADO] Página 164: https://www.inmuebles24.com/casas-en-venta-en-gustavo-a.-madero-incluir-comercializa-remates-publisher.html?utm_source=google&utm_medium=cpc&utm_campaign=Search_Sale_CMX-EMX_Tipo-inmueble_DSA&utm_content=Casas-CMX&gad_source=1&page=164
[2026-10-07 20:05:30]   ==================================================
[2026-10-07 20:05:30]     URLs en página: 30 | pendientes: 0
[2026-10-07 20:05:30]   
[2026-10-07 20:05:30]     ✅ Página 164 COMPLETA. Marcada como done.
[2026-10-07 20:05:30]   
[2026-10-07 20:05:30]   ==================================================
[2026-10-07 20:05:30]   [LISTADO] Página 165: https://www.inmuebles24.com/casas-en-venta-en-gustavo-a.-madero-incluir-comercializa-remates-publisher.html?utm_source=google&utm_medium=cpc&utm_campaign=Search_Sale_CMX-EMX_Tipo-inmueble_DSA&utm_content=Casas-CMX&gad_source=1&page=165
[2026-10-07 20:05:30]   ==================================================
[2026-10-07 20:05:30]     URLs en página: 30 | pendientes: 0
[2026-10-07 20:05:30]   
[2026-10-07 20:05:30]     ✅ Página 165 COMPLETA. Marcada como done.
[2026-10-07 20:05:30]   
[2026-10-07 20:05:30]   ==================================================
[2026-10-07 20:05:30]   [LISTADO] Página 166: https://www.inmuebles24.com/casas-en-venta-en-gustavo-a.-madero-incluir-comercializa-remates-publisher.html?utm_source=google&utm_medium=cpc&utm_campaign=Search_Sale_CMX-EMX_Tipo-inmueble_DSA&utm_content=Casas-CMX&gad_source=1&page=166
[2026-10-07 20:05:30]   ==================================================
[2026-10-07 20:05:30]     URLs en página: 30 | pendientes: 0
[2026-10-07 20:05:30]   
[2026-10-07 20:05:30]     ✅ Página 166 COMPLETA. Marcada como done.
[2026-10-07 20:05:30]   
[2026-10-07 20:05:30]   ==================================================
[2026-10-07 20:05:30]   [LISTADO] Página 167: https://www.inmuebles24.com/casas-en-venta-en-gustavo-a.-madero-incluir-comercializa-remates-publisher.html?utm_source=google&utm_medium=cpc&utm_campaign=Search_Sale_CMX-EMX_Tipo-inmueble_DSA&utm_content=Casas-CMX&gad_source=1&page=167
[2026-10-07 20:05:30]   ==================================================
[2026-10-07 20:05:30]     URLs en página: 30 | pendientes: 0
[2026-10-07 20:05:30]   
[2026-10-07 20:05:30]     ✅ Página 167 COMPLETA. Marcada como done.
[2026-10-07 20:05:30]   
[2026-10-07 20:05:30]   ==================================================
[2026-10-07 20:05:30]   [LISTADO] Página 168: https://www.inmuebles24.com/casas-en-venta-en-gustavo-a.-madero-incluir-comercializa-remates-publisher.html?utm_source=google&utm_medium=cpc&utm_campaign=Search_Sale_CMX-EMX_Tipo-inmueble_DSA&utm_content=Casas-CMX&gad_source=1&page=168
[2026-10-07 20:05:30]   ==================================================
[2026-10-07 20:05:30]     URLs en página: 30 | pendientes: 0
[2026-10-07 20:05:30]   
[2026-10-07 20:05:30]     ✅ Página 168 COMPLETA. Marcada como done.
[2026-10-07 20:05:30]   
[2026-10-07 20:05:30]   ==================================================
[2026-10-07 20:05:30]   [LISTADO] Página 169: https://www.inmuebles24.com/casas-en-venta-en-gustavo-a.-madero-incluir-comercializa-remates-publisher.html?utm_source=google&utm_medium=cpc&utm_campaign=Search_Sale_CMX-EMX_Tipo-inmueble_DSA&utm_content=Casas-CMX&gad_source=1&page=169
[2026-10-07 20:05:30]   ==================================================
[2026-10-07 20:05:30]     URLs en página: 30 | pendientes: 0
[2026-10-07 20:05:30]   
[2026-10-07 20:05:30]     ✅ Página 169 COMPLETA. Marcada como done.
[2026-10-07 20:05:30]   
[2026-10-07 20:05:30]   ==================================================
[2026-10-07 20:05:30]   [LISTADO] Página 170: https://www.inmuebles24.com/casas-en-venta-en-gustavo-a.-madero-incluir-comercializa-remates-publisher.html?utm_source=google&utm_medium=cpc&utm_campaign=Search_Sale_CMX-EMX_Tipo-inmueble_DSA&utm_content=Casas-CMX&gad_source=1&page=170
[2026-10-07 20:05:30]   ==================================================
[2026-10-07 20:05:30]     URLs en página: 30 | pendientes: 0
[2026-10-07 20:05:30]   
[2026-10-07 20:05:30]     ✅ Página 170 COMPLETA. Marcada como done.
[2026-10-07 20:05:30]   
[2026-10-07 20:05:30]   ==================================================
[2026-10-07 20:05:30]   [LISTADO] Página 171: https://www.inmuebles24.com/casas-en-venta-en-gustavo-a.-madero-incluir-comercializa-remates-publisher.html?utm_source=google&utm_medium=cpc&utm_campaign=Search_Sale_CMX-EMX_Tipo-inmueble_DSA&utm_content=Casas-CMX&gad_source=1&page=171
[2026-10-07 20:05:30]   ==================================================
[2026-10-07 20:05:30]     URLs en página: 30 | pendientes: 0
[2026-10-07 20:05:30]   
[2026-10-07 20:05:30]     ✅ Página 171 COMPLETA. Marcada como done.
[2026-10-07 20:05:30]   
[2026-10-07 20:05:30]   ==================================================
[2026-10-07 20:05:30]   [LISTADO] Página 172: https://www.inmuebles24.com/casas-en-venta-en-gustavo-a.-madero-incluir-comercializa-remates-publisher.html?utm_source=google&utm_medium=cpc&utm_campaign=Search_Sale_CMX-EMX_Tipo-inmueble_DSA&utm_content=Casas-CMX&gad_source=1&page=172
[2026-10-07 20:05:30]   ==================================================
[2026-10-07 20:05:30]     URLs en página: 30 | pendientes: 0
[2026-10-07 20:05:30]   
[2026-10-07 20:05:30]     ✅ Página 172 COMPLETA. Marcada como done.
[2026-10-07 20:05:30]   
[2026-10-07 20:05:30]   ==================================================
[2026-10-07 20:05:30]   [LISTADO] Página 173: https://www.inmuebles24.com/casas-en-venta-en-gustavo-a.-madero-incluir-comercializa-remates-publisher.html?utm_source=google&utm_medium=cpc&utm_campaign=Search_Sale_CMX-EMX_Tipo-inmueble_DSA&utm_content=Casas-CMX&gad_source=1&page=173
[2026-10-07 20:05:30]   ==================================================
[2026-10-07 20:05:30]     URLs en página: 30 | pendientes: 0
[2026-10-07 20:05:30]   
[2026-10-07 20:05:30]     ✅ Página 173 COMPLETA. Marcada como done.
[2026-10-07 20:05:30]   
[2026-10-07 20:05:30]   ==================================================
[2026-10-07 20:05:30]   [LISTADO] Página 174: https://www.inmuebles24.com/casas-en-venta-en-gustavo-a.-madero-incluir-comercializa-remates-publisher.html?utm_source=google&utm_medium=cpc&utm_campaign=Search_Sale_CMX-EMX_Tipo-inmueble_DSA&utm_content=Casas-CMX&gad_source=1&page=174
[2026-10-07 20:05:30]   ==================================================
[2026-10-07 20:05:30]     URLs en página: 30 | pendientes: 0
[2026-10-07 20:05:30]   
[2026-10-07 20:05:30]     ✅ Página 174 COMPLETA. Marcada como done.
[2026-10-07 20:05:30]   
[2026-10-07 20:05:30]   ==================================================
[2026-10-07 20:05:30]   [LISTADO] Página 175: https://www.inmuebles24.com/casas-en-venta-en-gustavo-a.-madero-incluir-comercializa-remates-publisher.html?utm_source=google&utm_medium=cpc&utm_campaign=Search_Sale_CMX-EMX_Tipo-inmueble_DSA&utm_content=Casas-CMX&gad_source=1&page=175
[2026-10-07 20:05:30]   ==================================================
[2026-10-07 20:05:30]     URLs en página: 30 | pendientes: 0
[2026-10-07 20:05:30]   
[2026-10-07 20:05:30]     ✅ Página 175 COMPLETA. Marcada como done.
[2026-10-07 20:05:30]   
[2026-10-07 20:05:30]   ==================================================
[2026-10-07 20:05:30]   [LISTADO] Página 176: https://www.inmuebles24.com/casas-en-venta-en-gustavo-a.-madero-incluir-comercializa-remates-publisher.html?utm_source=google&utm_medium=cpc&utm_campaign=Search_Sale_CMX-EMX_Tipo-inmueble_DSA&utm_content=Casas-CMX&gad_source=1&page=176
[2026-10-07 20:05:30]   ==================================================
[2026-10-07 20:05:30]     URLs en página: 30 | pendientes: 0
[2026-10-07 20:05:30]   
[2026-10-07 20:05:30]     ✅ Página 176 COMPLETA. Marcada como done.
[2026-10-07 20:05:30]   
[2026-10-07 20:05:30]   ==================================================
[2026-10-07 20:05:30]   [LISTADO] Página 177: https://www.inmuebles24.com/casas-en-venta-en-gustavo-a.-madero-incluir-comercializa-remates-publisher.html?utm_source=google&utm_medium=cpc&utm_campaign=Search_Sale_CMX-EMX_Tipo-inmueble_DSA&utm_content=Casas-CMX&gad_source=1&page=177
[2026-10-07 20:05:30]   ==================================================
[2026-10-07 20:05:30]     URLs en página: 30 | pendientes: 0
[2026-10-07 20:05:30]   
[2026-10-07 20:05:30]     ✅ Página 177 COMPLETA. Marcada como done.
[2026-10-07 20:05:30]   
[2026-10-07 20:05:30]   ==================================================
[2026-10-07 20:05:30]   [LISTADO] Página 178: https://www.inmuebles24.com/casas-en-venta-en-gustavo-a.-madero-incluir-comercializa-remates-publisher.html?utm_source=google&utm_medium=cpc&utm_campaign=Search_Sale_CMX-EMX_Tipo-inmueble_DSA&utm_content=Casas-CMX&gad_source=1&page=178
[2026-10-07 20:05:30]   ==================================================
[2026-10-07 20:05:30]     URLs en página: 30 | pendientes: 0
[2026-10-07 20:05:30]   
[2026-10-07 20:05:30]     ✅ Página 178 COMPLETA. Marcada como done.
[2026-10-07 20:05:30]   
[2026-10-07 20:05:30]   ==================================================
[2026-10-07 20:05:30]   [LISTADO] Página 179: https://www.inmuebles24.com/casas-en-venta-en-gustavo-a.-madero-incluir-comercializa-remates-publisher.html?utm_source=google&utm_medium=cpc&utm_campaign=Search_Sale_CMX-EMX_Tipo-inmueble_DSA&utm_content=Casas-CMX&gad_source=1&page=179
[2026-10-07 20:05:30]   ==================================================
[2026-10-07 20:05:30]     URLs en página: 30 | pendientes: 0
[2026-10-07 20:05:30]   
[2026-10-07 20:05:30]     ✅ Página 179 COMPLETA. Marcada como done.
[2026-10-07 20:05:30]   
[2026-10-07 20:05:30]   ==================================================
[2026-10-07 20:05:30]   [LISTADO] Página 180: https://www.inmuebles24.com/casas-en-venta-en-gustavo-a.-madero-incluir-comercializa-remates-publisher.html?utm_source=google&utm_medium=cpc&utm_campaign=Search_Sale_CMX-EMX_Tipo-inmueble_DSA&utm_content=Casas-CMX&gad_source=1&page=180
[2026-10-07 20:05:30]   ==================================================
[2026-10-07 20:05:30]     URLs en página: 30 | pendientes: 0
[2026-10-07 20:05:30]   
[2026-10-07 20:05:30]     ✅ Página 180 COMPLETA. Marcada como done.
[2026-10-07 20:05:30]   
[2026-10-07 20:05:30]   ==================================================
[2026-10-07 20:05:30]   [LISTADO] Página 181: https://www.inmuebles24.com/casas-en-venta-en-gustavo-a.-madero-incluir-comercializa-remates-publisher.html?utm_source=google&utm_medium=cpc&utm_campaign=Search_Sale_CMX-EMX_Tipo-inmueble_DSA&utm_content=Casas-CMX&gad_source=1&page=181
[2026-10-07 20:05:30]   ==================================================
[2026-10-07 20:05:30]     URLs en página: 30 | pendientes: 0
[2026-10-07 20:05:30]   
[2026-10-07 20:05:30]     ✅ Página 181 COMPLETA. Marcada como done.
[2026-10-07 20:05:30]   
[2026-10-07 20:05:30]   ==================================================
[2026-10-07 20:05:30]   [LISTADO] Página 182: https://www.inmuebles24.com/casas-en-venta-en-gustavo-a.-madero-incluir-comercializa-remates-publisher.html?utm_source=google&utm_medium=cpc&utm_campaign=Search_Sale_CMX-EMX_Tipo-inmueble_DSA&utm_content=Casas-CMX&gad_source=1&page=182
[2026-10-07 20:05:30]   ==================================================
[2026-10-07 20:05:30]     URLs en página: 30 | pendientes: 0
[2026-10-07 20:05:30]   
[2026-10-07 20:05:30]     ✅ Página 182 COMPLETA. Marcada como done.
[2026-10-07 20:05:30]   
[2026-10-07 20:05:30]   ==================================================
[2026-10-07 20:05:30]   [LISTADO] Página 183: https://www.inmuebles24.com/casas-en-venta-en-gustavo-a.-madero-incluir-comercializa-remates-publisher.html?utm_source=google&utm_medium=cpc&utm_campaign=Search_Sale_CMX-EMX_Tipo-inmueble_DSA&utm_content=Casas-CMX&gad_source=1&page=183
[2026-10-07 20:05:30]   ==================================================
[2026-10-07 20:05:30]     URLs en página: 30 | pendientes: 0
[2026-10-07 20:05:30]   
[2026-10-07 20:05:30]     ✅ Página 183 COMPLETA. Marcada como done.
[2026-10-07 20:05:30]   
[2026-10-07 20:05:30]   ==================================================
[2026-10-07 20:05:30]   [LISTADO] Página 184: https://www.inmuebles24.com/casas-en-venta-en-gustavo-a.-madero-incluir-comercializa-remates-publisher.html?utm_source=google&utm_medium=cpc&utm_campaign=Search_Sale_CMX-EMX_Tipo-inmueble_DSA&utm_content=Casas-CMX&gad_source=1&page=184
[2026-10-07 20:05:30]   ==================================================
[2026-10-07 20:05:30]   ⚠ Scrapper salió con código 1
[2026-10-07 20:05:30]   STDERR: Traceback (most recent call last):
[2026-10-07 20:05:30]   STDERR:   File "D:\Proyectos_personales\Zacah_Valuer\src\scraping\selenium\scrapper_detalle.py", line 379, in <module>
[2026-10-07 20:05:30]   STDERR:     title = driver.title
[2026-10-07 20:05:30]   STDERR:             ^^^^^^^^^^^^
[2026-10-07 20:05:30]   STDERR:   File "D:\Proyectos_personales\Zacah_Valuer\venv\Lib\site-packages\undetected_chromedriver\__init__.py", line 806, in __getattribute__
[2026-10-07 20:05:30]   STDERR:     return super().__getattribute__(item)
[2026-10-07 20:05:30]   STDERR:            ^^^^^^^^^^^^^^^^^^^^^^^^^^^^^^
[2026-10-07 20:05:30]   STDERR:   File "D:\Proyectos_personales\Zacah_Valuer\venv\Lib\site-packages\selenium\webdriver\remote\webdriver.py", line 538, in title
[2026-10-07 20:05:30]   STDERR:     return self.execute(Command.GET_TITLE).get("value", "")
[2026-10-07 20:05:30]   STDERR:            ^^^^^^^^^^^^^^^^^^^^^^^^^^^^^^^
[2026-10-07 20:05:30]   STDERR:   File "D:\Proyectos_personales\Zacah_Valuer\venv\Lib\site-packages\selenium\webdriver\remote\webdriver.py", line 506, in execute
[2026-10-07 20:05:30]   STDERR:     self.error_handler.check_response(response)
[2026-10-07 20:05:30]   STDERR:   File "D:\Proyectos_personales\Zacah_Valuer\venv\Lib\site-packages\selenium\webdriver\remote\errorhandler.py", line 232, in check_response
[2026-10-07 20:05:30]   STDERR:     raise exception_class(message, screen, stacktrace)
[2026-10-07 20:05:30]   STDERR: selenium.common.exceptions.NoSuchWindowException: Message: no such window: target window already closed
[2026-10-07 20:05:30]   STDERR: from unknown error: web view not found
[2026-10-07 20:05:30]   STDERR:   (Session info: chrome=155.0.8059.40)
[2026-10-07 20:05:30]   STDERR: Stacktrace:
[2026-10-07 20:05:30]   STDERR: Symbols not available. Dumping unresolved backtrace:
[2026-10-07 20:05:30]   STDERR: 	(No symbol) [0xb83833]
[2026-10-07 20:05:30]   STDERR: 	(No symbol) [0xa90274]
[2026-10-07 20:05:30]   STDERR: 	(No symbol) [0x89c3f0]
[2026-10-07 20:05:30]   STDERR: 	(No symbol) [0x87b303]
[2026-10-07 20:05:30]   STDERR: 	(No symbol) [0x910d5b]
[2026-10-07 20:05:30]   STDERR: 	(No symbol) [0x92ee59]
[2026-10-07 20:05:30]   STDERR: 	(No symbol) [0x909e96]
[2026-10-07 20:05:30]   STDERR: 	(No symbol) [0x8dc4aa]
[2026-10-07 20:05:30]   STDERR: 	(No symbol) [0x8dd194]
[2026-10-07 20:05:30]   STDERR: 	(No symbol) [0x103a3d4]
[2026-10-07 20:05:30]   STDERR: 	(No symbol) [0x10578fb]
[2026-10-07 20:05:30]   STDERR: 	(No symbol) [0xcd3e52]
[2026-10-07 20:05:30]   STDERR: 	(No symbol) [0xcdc113]
[2026-10-07 20:05:30]   STDERR: 	(No symbol) [0xa9e548]
[2026-10-07 20:05:30]   STDERR: 	(No symbol) [0xa99518]
[2026-10-07 20:05:30]   STDERR: 	(No symbol) [0xa996c5]
[2026-10-07 20:05:30]   STDERR: 	(No symbol) [0xa85ac7]
[2026-10-07 20:05:30]   STDERR: 	(No symbol) [0x74b35d49]
[2026-10-07 20:05:30]   STDERR: 	(No symbol) [0x76fce1fb]
[2026-10-07 20:05:30]   STDERR: 	(No symbol) [0x76fce181]
[2026-10-07 20:05:30]   STDERR: 
[2026-10-07 20:05:30]   STDERR: Exception ignored in: <function Chrome.__del__ at 0x0000023173DEFA60>
[2026-10-07 20:05:30]   STDERR: Traceback (most recent call last):
[2026-10-07 20:05:30]   STDERR:   File "D:\Proyectos_personales\Zacah_Valuer\venv\Lib\site-packages\undetected_chromedriver\__init__.py", line 843, in __del__
[2026-10-07 20:05:30]   STDERR:   File "D:\Proyectos_personales\Zacah_Valuer\venv\Lib\site-packages\undetected_chromedriver\__init__.py", line 798, in quit
[2026-10-07 20:05:30]   STDERR: OSError: [WinError 6] Controlador no válido
[2026-10-07 20:05:30]     Corrida tomó 26.7 min
[2026-10-07 20:05:30]     Estado después: páginas done: 183 | URLs done: 59 | skipped: 0 | failed: 0
[2026-10-07 20:05:30] Durmiendo 0.5 minutos...
[2026-10-07 20:06:00] --- Corrida #3 ---
[2026-10-07 20:06:00]     Estado actual: páginas done: 183 | URLs done: 59 | skipped: 0 | failed: 0
[2026-10-07 20:08:05]   URLs done: 59 | skipped: 0 | failed: 0
[2026-10-07 20:08:05]   Páginas completadas: 183 -> [1, 2, 3, 4, 5, 6, 7, 8, 9, 10, 11, 12, 13, 14, 15, 16, 17, 18, 19, 20, 21, 22, 23, 24, 25, 26, 27, 28, 29, 30, 31, 32, 33, 34, 35, 36, 37, 38, 39, 40, 41, 42, 43, 44, 45, 46, 47, 48, 49, 50, 51, 52, 53, 54, 55, 56, 57, 58, 59, 60, 61, 62, 63, 64, 65, 66, 67, 68, 69, 70, 71, 72, 73, 74, 75, 76, 77, 78, 79, 80, 81, 82, 83, 84, 85, 86, 87, 88, 89, 90, 91, 92, 93, 94, 95, 96, 97, 98, 99, 100, 101, 102, 103, 104, 105, 106, 107, 108, 109, 110, 111, 112, 113, 114, 115, 116, 117, 118, 119, 120, 121, 122, 123, 124, 125, 126, 127, 128, 129, 130, 131, 132, 133, 134, 135, 136, 137, 138, 139, 140, 141, 142, 143, 144, 145, 146, 147, 148, 149, 150, 151, 152, 153, 154, 155, 156, 157, 158, 159, 160, 161, 162, 163, 164, 165, 166, 167, 168, 169, 170, 171, 172, 173, 174, 175, 176, 177, 178, 179, 180, 181, 182, 183]
[2026-10-07 20:08:05]   Filas ya enriquecidas en CSV: 59
[2026-10-07 20:08:05]   
[2026-10-07 20:08:05]   Página inicial a procesar: 184
[2026-10-07 20:08:05]   
[2026-10-07 20:08:05]   ==================================================
[2026-10-07 20:08:05]   [LISTADO] Página 184: https://www.inmuebles24.com/casas-en-venta-en-gustavo-a.-madero-incluir-comercializa-remates-publisher.html?utm_source=google&utm_medium=cpc&utm_campaign=Search_Sale_CMX-EMX_Tipo-inmueble_DSA&utm_content=Casas-CMX&gad_source=1&page=184
[2026-10-07 20:08:05]   ==================================================
[2026-10-07 20:08:05]     URLs en página: 30 | pendientes: 0
[2026-10-07 20:08:05]   
[2026-10-07 20:08:05]     ✅ Página 184 COMPLETA. Marcada como done.
[2026-10-07 20:08:05]   
[2026-10-07 20:08:05]   ==================================================
[2026-10-07 20:08:05]   [LISTADO] Página 185: https://www.inmuebles24.com/casas-en-venta-en-gustavo-a.-madero-incluir-comercializa-remates-publisher.html?utm_source=google&utm_medium=cpc&utm_campaign=Search_Sale_CMX-EMX_Tipo-inmueble_DSA&utm_content=Casas-CMX&gad_source=1&page=185
[2026-10-07 20:08:05]   ==================================================
[2026-10-07 20:08:05]     URLs en página: 30 | pendientes: 0
[2026-10-07 20:08:05]   
[2026-10-07 20:08:05]     ✅ Página 185 COMPLETA. Marcada como done.
[2026-10-07 20:08:05]   
[2026-10-07 20:08:05]   ==================================================
[2026-10-07 20:08:05]   [LISTADO] Página 186: https://www.inmuebles24.com/casas-en-venta-en-gustavo-a.-madero-incluir-comercializa-remates-publisher.html?utm_source=google&utm_medium=cpc&utm_campaign=Search_Sale_CMX-EMX_Tipo-inmueble_DSA&utm_content=Casas-CMX&gad_source=1&page=186
[2026-10-07 20:08:05]   ==================================================
[2026-10-07 20:08:05]     URLs en página: 30 | pendientes: 0
[2026-10-07 20:08:05]   
[2026-10-07 20:08:05]     ✅ Página 186 COMPLETA. Marcada como done.
[2026-10-07 20:08:05]   
[2026-10-07 20:08:05]   ==================================================
[2026-10-07 20:08:05]   [LISTADO] Página 187: https://www.inmuebles24.com/casas-en-venta-en-gustavo-a.-madero-incluir-comercializa-remates-publisher.html?utm_source=google&utm_medium=cpc&utm_campaign=Search_Sale_CMX-EMX_Tipo-inmueble_DSA&utm_content=Casas-CMX&gad_source=1&page=187
[2026-10-07 20:08:05]   ==================================================
[2026-10-07 20:08:05]     URLs en página: 30 | pendientes: 0
[2026-10-07 20:08:05]   
[2026-10-07 20:08:05]     ✅ Página 187 COMPLETA. Marcada como done.
[2026-10-07 20:08:05]   
[2026-10-07 20:08:05]   ==================================================
[2026-10-07 20:08:05]   [LISTADO] Página 188: https://www.inmuebles24.com/casas-en-venta-en-gustavo-a.-madero-incluir-comercializa-remates-publisher.html?utm_source=google&utm_medium=cpc&utm_campaign=Search_Sale_CMX-EMX_Tipo-inmueble_DSA&utm_content=Casas-CMX&gad_source=1&page=188
[2026-10-07 20:08:05]   ==================================================
[2026-10-07 20:08:05]     URLs en página: 30 | pendientes: 0
[2026-10-07 20:08:05]   
[2026-10-07 20:08:05]     ✅ Página 188 COMPLETA. Marcada como done.
[2026-10-07 20:08:05]   
[2026-10-07 20:08:05]   ==================================================
[2026-10-07 20:08:05]   [LISTADO] Página 189: https://www.inmuebles24.com/casas-en-venta-en-gustavo-a.-madero-incluir-comercializa-remates-publisher.html?utm_source=google&utm_medium=cpc&utm_campaign=Search_Sale_CMX-EMX_Tipo-inmueble_DSA&utm_content=Casas-CMX&gad_source=1&page=189
[2026-10-07 20:08:05]   ==================================================
[2026-10-07 20:08:05]     URLs en página: 30 | pendientes: 0
[2026-10-07 20:08:05]   
[2026-10-07 20:08:05]     ✅ Página 189 COMPLETA. Marcada como done.
[2026-10-07 20:08:05]   
[2026-10-07 20:08:05]   ==================================================
[2026-10-07 20:08:05]   [LISTADO] Página 190: https://www.inmuebles24.com/casas-en-venta-en-gustavo-a.-madero-incluir-comercializa-remates-publisher.html?utm_source=google&utm_medium=cpc&utm_campaign=Search_Sale_CMX-EMX_Tipo-inmueble_DSA&utm_content=Casas-CMX&gad_source=1&page=190
[2026-10-07 20:08:05]   ==================================================
[2026-10-07 20:08:05]     URLs en página: 30 | pendientes: 0
[2026-10-07 20:08:05]   
[2026-10-07 20:08:05]     ✅ Página 190 COMPLETA. Marcada como done.
[2026-10-07 20:08:05]   
[2026-10-07 20:08:05]   ==================================================
[2026-10-07 20:08:05]   [LISTADO] Página 191: https://www.inmuebles24.com/casas-en-venta-en-gustavo-a.-madero-incluir-comercializa-remates-publisher.html?utm_source=google&utm_medium=cpc&utm_campaign=Search_Sale_CMX-EMX_Tipo-inmueble_DSA&utm_content=Casas-CMX&gad_source=1&page=191
[2026-10-07 20:08:05]   ==================================================
[2026-10-07 20:08:05]     URLs en página: 30 | pendientes: 0
[2026-10-07 20:08:05]   
[2026-10-07 20:08:05]     ✅ Página 191 COMPLETA. Marcada como done.
[2026-10-07 20:08:05]   
[2026-10-07 20:08:05]   ==================================================
[2026-10-07 20:08:05]   [LISTADO] Página 192: https://www.inmuebles24.com/casas-en-venta-en-gustavo-a.-madero-incluir-comercializa-remates-publisher.html?utm_source=google&utm_medium=cpc&utm_campaign=Search_Sale_CMX-EMX_Tipo-inmueble_DSA&utm_content=Casas-CMX&gad_source=1&page=192
[2026-10-07 20:08:05]   ==================================================
[2026-10-07 20:08:05]     URLs en página: 30 | pendientes: 0
[2026-10-07 20:08:05]   
[2026-10-07 20:08:05]     ✅ Página 192 COMPLETA. Marcada como done.
[2026-10-07 20:08:05]   
[2026-10-07 20:08:05]   ==================================================
[2026-10-07 20:08:05]   [LISTADO] Página 193: https://www.inmuebles24.com/casas-en-venta-en-gustavo-a.-madero-incluir-comercializa-remates-publisher.html?utm_source=google&utm_medium=cpc&utm_campaign=Search_Sale_CMX-EMX_Tipo-inmueble_DSA&utm_content=Casas-CMX&gad_source=1&page=193
[2026-10-07 20:08:05]   ==================================================
[2026-10-07 20:08:05]     URLs en página: 30 | pendientes: 0
[2026-10-07 20:08:05]   
[2026-10-07 20:08:05]     ✅ Página 193 COMPLETA. Marcada como done.
[2026-10-07 20:08:05]   
[2026-10-07 20:08:05]   ==================================================
[2026-10-07 20:08:05]   [LISTADO] Página 194: https://www.inmuebles24.com/casas-en-venta-en-gustavo-a.-madero-incluir-comercializa-remates-publisher.html?utm_source=google&utm_medium=cpc&utm_campaign=Search_Sale_CMX-EMX_Tipo-inmueble_DSA&utm_content=Casas-CMX&gad_source=1&page=194
[2026-10-07 20:08:05]   ==================================================
[2026-10-07 20:08:05]     URLs en página: 30 | pendientes: 0
[2026-10-07 20:08:05]   
[2026-10-07 20:08:05]     ✅ Página 194 COMPLETA. Marcada como done.
[2026-10-07 20:08:05]   
[2026-10-07 20:08:05]   ==================================================
[2026-10-07 20:08:05]   [LISTADO] Página 195: https://www.inmuebles24.com/casas-en-venta-en-gustavo-a.-madero-incluir-comercializa-remates-publisher.html?utm_source=google&utm_medium=cpc&utm_campaign=Search_Sale_CMX-EMX_Tipo-inmueble_DSA&utm_content=Casas-CMX&gad_source=1&page=195
[2026-10-07 20:08:05]   ==================================================
[2026-10-07 20:08:05]     URLs en página: 30 | pendientes: 0
[2026-10-07 20:08:05]   
[2026-10-07 20:08:05]     ✅ Página 195 COMPLETA. Marcada como done.
[2026-10-07 20:08:05]   
[2026-10-07 20:08:05]   ==================================================
[2026-10-07 20:08:05]   [LISTADO] Página 196: https://www.inmuebles24.com/casas-en-venta-en-gustavo-a.-madero-incluir-comercializa-remates-publisher.html?utm_source=google&utm_medium=cpc&utm_campaign=Search_Sale_CMX-EMX_Tipo-inmueble_DSA&utm_content=Casas-CMX&gad_source=1&page=196
[2026-10-07 20:08:05]   ==================================================
[2026-10-07 20:08:05]     URLs en página: 30 | pendientes: 0
[2026-10-07 20:08:05]   
[2026-10-07 20:08:05]     ✅ Página 196 COMPLETA. Marcada como done.
[2026-10-07 20:08:05]   
[2026-10-07 20:08:05]   ==================================================
[2026-10-07 20:08:05]   [LISTADO] Página 197: https://www.inmuebles24.com/casas-en-venta-en-gustavo-a.-madero-incluir-comercializa-remates-publisher.html?utm_source=google&utm_medium=cpc&utm_campaign=Search_Sale_CMX-EMX_Tipo-inmueble_DSA&utm_content=Casas-CMX&gad_source=1&page=197
[2026-10-07 20:08:05]   ==================================================
[2026-10-07 20:08:05]     URLs en página: 30 | pendientes: 0
[2026-10-07 20:08:05]   
[2026-10-07 20:08:05]     ✅ Página 197 COMPLETA. Marcada como done.
[2026-10-07 20:08:05]   
[2026-10-07 20:08:05]   ==================================================
[2026-10-07 20:08:05]   [LISTADO] Página 198: https://www.inmuebles24.com/casas-en-venta-en-gustavo-a.-madero-incluir-comercializa-remates-publisher.html?utm_source=google&utm_medium=cpc&utm_campaign=Search_Sale_CMX-EMX_Tipo-inmueble_DSA&utm_content=Casas-CMX&gad_source=1&page=198
[2026-10-07 20:08:05]   ==================================================
[2026-10-07 20:08:05]     URLs en página: 30 | pendientes: 0
[2026-10-07 20:08:05]   
[2026-10-07 20:08:05]     ✅ Página 198 COMPLETA. Marcada como done.
[2026-10-07 20:08:05]   
[2026-10-07 20:08:05]   ==================================================
[2026-10-07 20:08:05]   [LISTADO] Página 199: https://www.inmuebles24.com/casas-en-venta-en-gustavo-a.-madero-incluir-comercializa-remates-publisher.html?utm_source=google&utm_medium=cpc&utm_campaign=Search_Sale_CMX-EMX_Tipo-inmueble_DSA&utm_content=Casas-CMX&gad_source=1&page=199
[2026-10-07 20:08:05]   ==================================================
[2026-10-07 20:08:05]     URLs en página: 30 | pendientes: 0
[2026-10-07 20:08:05]   
[2026-10-07 20:08:05]     ✅ Página 199 COMPLETA. Marcada como done.
[2026-10-07 20:08:05]   
[2026-10-07 20:08:05]   ==================================================
[2026-10-07 20:08:05]   [LISTADO] Página 200: https://www.inmuebles24.com/casas-en-venta-en-gustavo-a.-madero-incluir-comercializa-remates-publisher.html?utm_source=google&utm_medium=cpc&utm_campaign=Search_Sale_CMX-EMX_Tipo-inmueble_DSA&utm_content=Casas-CMX&gad_source=1&page=200
[2026-10-07 20:08:05]   ==================================================
[2026-10-07 20:08:05]     URLs en página: 30 | pendientes: 0
[2026-10-07 20:08:05]   
[2026-10-07 20:08:05]     ✅ Página 200 COMPLETA. Marcada como done.
[2026-10-07 20:08:05]   
[2026-10-07 20:08:05]   ==================================================
[2026-10-07 20:08:05]   Corrida terminada.
[2026-10-07 20:08:05]     Guardadas (casa/dpto): 0
[2026-10-07 20:08:05]     Omitidas (no habit.):  0
[2026-10-07 20:08:05]     Fallidas:              0
[2026-10-07 20:08:05]     ---
[2026-10-07 20:08:05]     Total URLs done:       59
[2026-10-07 20:08:05]     Total omitidas:        0
[2026-10-07 20:08:05]     Total fallidas:        0
[2026-10-07 20:08:05]     Páginas completas:     200
[2026-10-07 20:08:05]     CSV: D:\Proyectos_personales\Zacah_Valuer\data\bronze\casas_gam_full.csv
[2026-10-07 20:08:05]   ==================================================
[2026-10-07 20:08:05]     Corrida tomó 2.1 min
[2026-10-07 20:08:05]     Estado después: páginas done: 200 | URLs done: 59 | skipped: 0 | failed: 0
[2026-10-07 20:08:05] Durmiendo 0.5 minutos...
[2026-10-07 20:08:35] --- Corrida #4 ---
[2026-10-07 20:08:35]     Estado actual: páginas done: 200 | URLs done: 59 | skipped: 0 | failed: 0
[2026-10-07 20:08:39]   URLs done: 59 | skipped: 0 | failed: 0
[2026-10-07 20:08:39]   Páginas completadas: 200 -> [1, 2, 3, 4, 5, 6, 7, 8, 9, 10, 11, 12, 13, 14, 15, 16, 17, 18, 19, 20, 21, 22, 23, 24, 25, 26, 27, 28, 29, 30, 31, 32, 33, 34, 35, 36, 37, 38, 39, 40, 41, 42, 43, 44, 45, 46, 47, 48, 49, 50, 51, 52, 53, 54, 55, 56, 57, 58, 59, 60, 61, 62, 63, 64, 65, 66, 67, 68, 69, 70, 71, 72, 73, 74, 75, 76, 77, 78, 79, 80, 81, 82, 83, 84, 85, 86, 87, 88, 89, 90, 91, 92, 93, 94, 95, 96, 97, 98, 99, 100, 101, 102, 103, 104, 105, 106, 107, 108, 109, 110, 111, 112, 113, 114, 115, 116, 117, 118, 119, 120, 121, 122, 123, 124, 125, 126, 127, 128, 129, 130, 131, 132, 133, 134, 135, 136, 137, 138, 139, 140, 141, 142, 143, 144, 145, 146, 147, 148, 149, 150, 151, 152, 153, 154, 155, 156, 157, 158, 159, 160, 161, 162, 163, 164, 165, 166, 167, 168, 169, 170, 171, 172, 173, 174, 175, 176, 177, 178, 179, 180, 181, 182, 183, 184, 185, 186, 187, 188, 189, 190, 191, 192, 193, 194, 195, 196, 197, 198, 199, 200]
[2026-10-07 20:08:39]   Filas ya enriquecidas en CSV: 59
[2026-10-07 20:08:39]   
[2026-10-07 20:08:39]   Página inicial a procesar: 201
[2026-10-07 20:08:39]   
[2026-10-07 20:08:39]   ==================================================
[2026-10-07 20:08:39]   Corrida terminada.
[2026-10-07 20:08:39]     Guardadas (casa/dpto): 0
[2026-10-07 20:08:39]     Omitidas (no habit.):  0
[2026-10-07 20:08:39]     Fallidas:              0
[2026-10-07 20:08:39]     ---
[2026-10-07 20:08:39]     Total URLs done:       59
[2026-10-07 20:08:39]     Total omitidas:        0
[2026-10-07 20:08:39]     Total fallidas:        0
[2026-10-07 20:08:39]     Páginas completas:     200
[2026-10-07 20:08:39]     CSV: D:\Proyectos_personales\Zacah_Valuer\data\bronze\casas_gam_full.csv
[2026-10-07 20:08:39]   ==================================================
[2026-10-07 20:08:39]     Corrida tomó 0.1 min
[2026-10-07 20:08:39]     Estado después: páginas done: 200 | URLs done: 59 | skipped: 0 | failed: 0
[2026-10-07 20:08:39] Durmiendo 0.5 minutos...
[2026-10-07 20:09:09] --- Corrida #5 ---
[2026-10-07 20:09:09]     Estado actual: páginas done: 200 | URLs done: 59 | skipped: 0 | failed: 0
[2026-10-07 20:09:13]   URLs done: 59 | skipped: 0 | failed: 0
[2026-10-07 20:09:13]   Páginas completadas: 200 -> [1, 2, 3, 4, 5, 6, 7, 8, 9, 10, 11, 12, 13, 14, 15, 16, 17, 18, 19, 20, 21, 22, 23, 24, 25, 26, 27, 28, 29, 30, 31, 32, 33, 34, 35, 36, 37, 38, 39, 40, 41, 42, 43, 44, 45, 46, 47, 48, 49, 50, 51, 52, 53, 54, 55, 56, 57, 58, 59, 60, 61, 62, 63, 64, 65, 66, 67, 68, 69, 70, 71, 72, 73, 74, 75, 76, 77, 78, 79, 80, 81, 82, 83, 84, 85, 86, 87, 88, 89, 90, 91, 92, 93, 94, 95, 96, 97, 98, 99, 100, 101, 102, 103, 104, 105, 106, 107, 108, 109, 110, 111, 112, 113, 114, 115, 116, 117, 118, 119, 120, 121, 122, 123, 124, 125, 126, 127, 128, 129, 130, 131, 132, 133, 134, 135, 136, 137, 138, 139, 140, 141, 142, 143, 144, 145, 146, 147, 148, 149, 150, 151, 152, 153, 154, 155, 156, 157, 158, 159, 160, 161, 162, 163, 164, 165, 166, 167, 168, 169, 170, 171, 172, 173, 174, 175, 176, 177, 178, 179, 180, 181, 182, 183, 184, 185, 186, 187, 188, 189, 190, 191, 192, 193, 194, 195, 196, 197, 198, 199, 200]
[2026-10-07 20:09:13]   Filas ya enriquecidas en CSV: 59
[2026-10-07 20:09:13]   
[2026-10-07 20:09:13]   Página inicial a procesar: 201
[2026-10-07 20:09:13]   
[2026-10-07 20:09:13]   ==================================================
[2026-10-07 20:09:13]   Corrida terminada.
[2026-10-07 20:09:13]     Guardadas (casa/dpto): 0
[2026-10-07 20:09:13]     Omitidas (no habit.):  0
[2026-10-07 20:09:13]     Fallidas:              0
[2026-10-07 20:09:13]     ---
[2026-10-07 20:09:13]     Total URLs done:       59
[2026-10-07 20:09:13]     Total omitidas:        0
[2026-10-07 20:09:13]     Total fallidas:        0
[2026-10-07 20:09:13]     Páginas completas:     200
[2026-10-07 20:09:13]     CSV: D:\Proyectos_personales\Zacah_Valuer\data\bronze\casas_gam_full.csv
[2026-10-07 20:09:13]   ==================================================
[2026-10-07 20:09:13]     Corrida tomó 0.1 min
[2026-10-07 20:09:13]     Estado después: páginas done: 200 | URLs done: 59 | skipped: 0 | failed: 0
[2026-10-07 20:09:13] Durmiendo 0.5 minutos...
[2026-10-07 20:09:43] --- Corrida #6 ---
[2026-10-07 20:09:43]     Estado actual: páginas done: 200 | URLs done: 59 | skipped: 0 | failed: 0
[2026-10-07 20:09:47]   URLs done: 59 | skipped: 0 | failed: 0
[2026-10-07 20:09:47]   Páginas completadas: 200 -> [1, 2, 3, 4, 5, 6, 7, 8, 9, 10, 11, 12, 13, 14, 15, 16, 17, 18, 19, 20, 21, 22, 23, 24, 25, 26, 27, 28, 29, 30, 31, 32, 33, 34, 35, 36, 37, 38, 39, 40, 41, 42, 43, 44, 45, 46, 47, 48, 49, 50, 51, 52, 53, 54, 55, 56, 57, 58, 59, 60, 61, 62, 63, 64, 65, 66, 67, 68, 69, 70, 71, 72, 73, 74, 75, 76, 77, 78, 79, 80, 81, 82, 83, 84, 85, 86, 87, 88, 89, 90, 91, 92, 93, 94, 95, 96, 97, 98, 99, 100, 101, 102, 103, 104, 105, 106, 107, 108, 109, 110, 111, 112, 113, 114, 115, 116, 117, 118, 119, 120, 121, 122, 123, 124, 125, 126, 127, 128, 129, 130, 131, 132, 133, 134, 135, 136, 137, 138, 139, 140, 141, 142, 143, 144, 145, 146, 147, 148, 149, 150, 151, 152, 153, 154, 155, 156, 157, 158, 159, 160, 161, 162, 163, 164, 165, 166, 167, 168, 169, 170, 171, 172, 173, 174, 175, 176, 177, 178, 179, 180, 181, 182, 183, 184, 185, 186, 187, 188, 189, 190, 191, 192, 193, 194, 195, 196, 197, 198, 199, 200]
[2026-10-07 20:09:47]   Filas ya enriquecidas en CSV: 59
[2026-10-07 20:09:47]   
[2026-10-07 20:09:47]   Página inicial a procesar: 201
[2026-10-07 20:09:47]   
[2026-10-07 20:09:47]   ==================================================
[2026-10-07 20:09:47]   Corrida terminada.
[2026-10-07 20:09:47]     Guardadas (casa/dpto): 0
[2026-10-07 20:09:47]     Omitidas (no habit.):  0
[2026-10-07 20:09:47]     Fallidas:              0
[2026-10-07 20:09:47]     ---
[2026-10-07 20:09:47]     Total URLs done:       59
[2026-10-07 20:09:47]     Total omitidas:        0
[2026-10-07 20:09:47]     Total fallidas:        0
[2026-10-07 20:09:47]     Páginas completas:     200
[2026-10-07 20:09:47]     CSV: D:\Proyectos_personales\Zacah_Valuer\data\bronze\casas_gam_full.csv
[2026-10-07 20:09:47]   ==================================================
[2026-10-07 20:09:47]     Corrida tomó 0.1 min
[2026-10-07 20:09:47]     Estado después: páginas done: 200 | URLs done: 59 | skipped: 0 | failed: 0
[2026-10-07 20:09:47] Durmiendo 0.5 minutos...
[2026-10-07 20:10:17] --- Corrida #7 ---
[2026-10-07 20:10:17]     Estado actual: páginas done: 200 | URLs done: 59 | skipped: 0 | failed: 0
[2026-10-07 20:10:20]   URLs done: 59 | skipped: 0 | failed: 0
[2026-10-07 20:10:20]   Páginas completadas: 200 -> [1, 2, 3, 4, 5, 6, 7, 8, 9, 10, 11, 12, 13, 14, 15, 16, 17, 18, 19, 20, 21, 22, 23, 24, 25, 26, 27, 28, 29, 30, 31, 32, 33, 34, 35, 36, 37, 38, 39, 40, 41, 42, 43, 44, 45, 46, 47, 48, 49, 50, 51, 52, 53, 54, 55, 56, 57, 58, 59, 60, 61, 62, 63, 64, 65, 66, 67, 68, 69, 70, 71, 72, 73, 74, 75, 76, 77, 78, 79, 80, 81, 82, 83, 84, 85, 86, 87, 88, 89, 90, 91, 92, 93, 94, 95, 96, 97, 98, 99, 100, 101, 102, 103, 104, 105, 106, 107, 108, 109, 110, 111, 112, 113, 114, 115, 116, 117, 118, 119, 120, 121, 122, 123, 124, 125, 126, 127, 128, 129, 130, 131, 132, 133, 134, 135, 136, 137, 138, 139, 140, 141, 142, 143, 144, 145, 146, 147, 148, 149, 150, 151, 152, 153, 154, 155, 156, 157, 158, 159, 160, 161, 162, 163, 164, 165, 166, 167, 168, 169, 170, 171, 172, 173, 174, 175, 176, 177, 178, 179, 180, 181, 182, 183, 184, 185, 186, 187, 188, 189, 190, 191, 192, 193, 194, 195, 196, 197, 198, 199, 200]
[2026-10-07 20:10:20]   Filas ya enriquecidas en CSV: 59
[2026-10-07 20:10:20]   
[2026-10-07 20:10:20]   Página inicial a procesar: 201
[2026-10-07 20:10:20]   
[2026-10-07 20:10:20]   ==================================================
[2026-10-07 20:10:20]   Corrida terminada.
[2026-10-07 20:10:20]     Guardadas (casa/dpto): 0
[2026-10-07 20:10:20]     Omitidas (no habit.):  0
[2026-10-07 20:10:20]     Fallidas:              0
[2026-10-07 20:10:20]     ---
[2026-10-07 20:10:20]     Total URLs done:       59
[2026-10-07 20:10:20]     Total omitidas:        0
[2026-10-07 20:10:20]     Total fallidas:        0
[2026-10-07 20:10:20]     Páginas completas:     200
[2026-10-07 20:10:20]     CSV: D:\Proyectos_personales\Zacah_Valuer\data\bronze\casas_gam_full.csv
[2026-10-07 20:10:20]   ==================================================
[2026-10-07 20:10:20]     Corrida tomó 0.1 min
[2026-10-07 20:10:20]     Estado después: páginas done: 200 | URLs done: 59 | skipped: 0 | failed: 0
[2026-10-07 20:10:20] Durmiendo 0.5 minutos...
[2026-10-07 20:10:50] --- Corrida #8 ---
[2026-10-07 20:10:50]     Estado actual: páginas done: 200 | URLs done: 59 | skipped: 0 | failed: 0
[2026-10-07 20:10:54]   URLs done: 59 | skipped: 0 | failed: 0
[2026-10-07 20:10:54]   Páginas completadas: 200 -> [1, 2, 3, 4, 5, 6, 7, 8, 9, 10, 11, 12, 13, 14, 15, 16, 17, 18, 19, 20, 21, 22, 23, 24, 25, 26, 27, 28, 29, 30, 31, 32, 33, 34, 35, 36, 37, 38, 39, 40, 41, 42, 43, 44, 45, 46, 47, 48, 49, 50, 51, 52, 53, 54, 55, 56, 57, 58, 59, 60, 61, 62, 63, 64, 65, 66, 67, 68, 69, 70, 71, 72, 73, 74, 75, 76, 77, 78, 79, 80, 81, 82, 83, 84, 85, 86, 87, 88, 89, 90, 91, 92, 93, 94, 95, 96, 97, 98, 99, 100, 101, 102, 103, 104, 105, 106, 107, 108, 109, 110, 111, 112, 113, 114, 115, 116, 117, 118, 119, 120, 121, 122, 123, 124, 125, 126, 127, 128, 129, 130, 131, 132, 133, 134, 135, 136, 137, 138, 139, 140, 141, 142, 143, 144, 145, 146, 147, 148, 149, 150, 151, 152, 153, 154, 155, 156, 157, 158, 159, 160, 161, 162, 163, 164, 165, 166, 167, 168, 169, 170, 171, 172, 173, 174, 175, 176, 177, 178, 179, 180, 181, 182, 183, 184, 185, 186, 187, 188, 189, 190, 191, 192, 193, 194, 195, 196, 197, 198, 199, 200]
[2026-10-07 20:10:54]   Filas ya enriquecidas en CSV: 59
[2026-10-07 20:10:54]   
[2026-10-07 20:10:54]   Página inicial a procesar: 201
[2026-10-07 20:10:54]   
[2026-10-07 20:10:54]   ==================================================
[2026-10-07 20:10:54]   Corrida terminada.
[2026-10-07 20:10:54]     Guardadas (casa/dpto): 0
[2026-10-07 20:10:54]     Omitidas (no habit.):  0
[2026-10-07 20:10:54]     Fallidas:              0
[2026-10-07 20:10:54]     ---
[2026-10-07 20:10:54]     Total URLs done:       59
[2026-10-07 20:10:54]     Total omitidas:        0
[2026-10-07 20:10:54]     Total fallidas:        0
[2026-10-07 20:10:54]     Páginas completas:     200
[2026-10-07 20:10:54]     CSV: D:\Proyectos_personales\Zacah_Valuer\data\bronze\casas_gam_full.csv
[2026-10-07 20:10:54]   ==================================================
[2026-10-07 20:10:54]     Corrida tomó 0.1 min
[2026-10-07 20:10:54]     Estado después: páginas done: 200 | URLs done: 59 | skipped: 0 | failed: 0
[2026-10-07 20:10:54] Durmiendo 0.5 minutos...
[2026-10-07 20:11:24] --- Corrida #9 ---
[2026-10-07 20:11:24]     Estado actual: páginas done: 200 | URLs done: 59 | skipped: 0 | failed: 0
[2026-10-07 20:11:28]   URLs done: 59 | skipped: 0 | failed: 0
[2026-10-07 20:11:28]   Páginas completadas: 200 -> [1, 2, 3, 4, 5, 6, 7, 8, 9, 10, 11, 12, 13, 14, 15, 16, 17, 18, 19, 20, 21, 22, 23, 24, 25, 26, 27, 28, 29, 30, 31, 32, 33, 34, 35, 36, 37, 38, 39, 40, 41, 42, 43, 44, 45, 46, 47, 48, 49, 50, 51, 52, 53, 54, 55, 56, 57, 58, 59, 60, 61, 62, 63, 64, 65, 66, 67, 68, 69, 70, 71, 72, 73, 74, 75, 76, 77, 78, 79, 80, 81, 82, 83, 84, 85, 86, 87, 88, 89, 90, 91, 92, 93, 94, 95, 96, 97, 98, 99, 100, 101, 102, 103, 104, 105, 106, 107, 108, 109, 110, 111, 112, 113, 114, 115, 116, 117, 118, 119, 120, 121, 122, 123, 124, 125, 126, 127, 128, 129, 130, 131, 132, 133, 134, 135, 136, 137, 138, 139, 140, 141, 142, 143, 144, 145, 146, 147, 148, 149, 150, 151, 152, 153, 154, 155, 156, 157, 158, 159, 160, 161, 162, 163, 164, 165, 166, 167, 168, 169, 170, 171, 172, 173, 174, 175, 176, 177, 178, 179, 180, 181, 182, 183, 184, 185, 186, 187, 188, 189, 190, 191, 192, 193, 194, 195, 196, 197, 198, 199, 200]
[2026-10-07 20:11:28]   Filas ya enriquecidas en CSV: 59
[2026-10-07 20:11:28]   
[2026-10-07 20:11:28]   Página inicial a procesar: 201
[2026-10-07 20:11:28]   
[2026-10-07 20:11:28]   ==================================================
[2026-10-07 20:11:28]   Corrida terminada.
[2026-10-07 20:11:28]     Guardadas (casa/dpto): 0
[2026-10-07 20:11:28]     Omitidas (no habit.):  0
[2026-10-07 20:11:28]     Fallidas:              0
[2026-10-07 20:11:28]     ---
[2026-10-07 20:11:28]     Total URLs done:       59
[2026-10-07 20:11:28]     Total omitidas:        0
[2026-10-07 20:11:28]     Total fallidas:        0
[2026-10-07 20:11:28]     Páginas completas:     200
[2026-10-07 20:11:28]     CSV: D:\Proyectos_personales\Zacah_Valuer\data\bronze\casas_gam_full.csv
[2026-10-07 20:11:28]   ==================================================
[2026-10-07 20:11:28]     Corrida tomó 0.1 min
[2026-10-07 20:11:28]     Estado después: páginas done: 200 | URLs done: 59 | skipped: 0 | failed: 0
[2026-10-07 20:11:28] Durmiendo 0.5 minutos...
[2026-10-07 20:11:58] --- Corrida #10 ---
[2026-10-07 20:11:58]     Estado actual: páginas done: 200 | URLs done: 59 | skipped: 0 | failed: 0
[2026-10-07 20:12:03]   URLs done: 59 | skipped: 0 | failed: 0
[2026-10-07 20:12:03]   Páginas completadas: 200 -> [1, 2, 3, 4, 5, 6, 7, 8, 9, 10, 11, 12, 13, 14, 15, 16, 17, 18, 19, 20, 21, 22, 23, 24, 25, 26, 27, 28, 29, 30, 31, 32, 33, 34, 35, 36, 37, 38, 39, 40, 41, 42, 43, 44, 45, 46, 47, 48, 49, 50, 51, 52, 53, 54, 55, 56, 57, 58, 59, 60, 61, 62, 63, 64, 65, 66, 67, 68, 69, 70, 71, 72, 73, 74, 75, 76, 77, 78, 79, 80, 81, 82, 83, 84, 85, 86, 87, 88, 89, 90, 91, 92, 93, 94, 95, 96, 97, 98, 99, 100, 101, 102, 103, 104, 105, 106, 107, 108, 109, 110, 111, 112, 113, 114, 115, 116, 117, 118, 119, 120, 121, 122, 123, 124, 125, 126, 127, 128, 129, 130, 131, 132, 133, 134, 135, 136, 137, 138, 139, 140, 141, 142, 143, 144, 145, 146, 147, 148, 149, 150, 151, 152, 153, 154, 155, 156, 157, 158, 159, 160, 161, 162, 163, 164, 165, 166, 167, 168, 169, 170, 171, 172, 173, 174, 175, 176, 177, 178, 179, 180, 181, 182, 183, 184, 185, 186, 187, 188, 189, 190, 191, 192, 193, 194, 195, 196, 197, 198, 199, 200]
[2026-10-07 20:12:03]   Filas ya enriquecidas en CSV: 59
[2026-10-07 20:12:03]   
[2026-10-07 20:12:03]   Página inicial a procesar: 201
[2026-10-07 20:12:03]   
[2026-10-07 20:12:03]   ==================================================
[2026-10-07 20:12:03]   Corrida terminada.
[2026-10-07 20:12:03]     Guardadas (casa/dpto): 0
[2026-10-07 20:12:03]     Omitidas (no habit.):  0
[2026-10-07 20:12:03]     Fallidas:              0
[2026-10-07 20:12:03]     ---
[2026-10-07 20:12:03]     Total URLs done:       59
[2026-10-07 20:12:03]     Total omitidas:        0
[2026-10-07 20:12:03]     Total fallidas:        0
[2026-10-07 20:12:03]     Páginas completas:     200
[2026-10-07 20:12:03]     CSV: D:\Proyectos_personales\Zacah_Valuer\data\bronze\casas_gam_full.csv
[2026-10-07 20:12:03]   ==================================================
[2026-10-07 20:12:03]     Corrida tomó 0.1 min
[2026-10-07 20:12:03]     Estado después: páginas done: 200 | URLs done: 59 | skipped: 0 | failed: 0
[2026-10-07 20:12:03] Durmiendo 0.5 minutos...
[2026-10-07 20:12:33] --- Corrida #11 ---
[2026-10-07 20:12:33]     Estado actual: páginas done: 200 | URLs done: 59 | skipped: 0 | failed: 0
[2026-10-07 20:12:37]   URLs done: 59 | skipped: 0 | failed: 0
[2026-10-07 20:12:37]   Páginas completadas: 200 -> [1, 2, 3, 4, 5, 6, 7, 8, 9, 10, 11, 12, 13, 14, 15, 16, 17, 18, 19, 20, 21, 22, 23, 24, 25, 26, 27, 28, 29, 30, 31, 32, 33, 34, 35, 36, 37, 38, 39, 40, 41, 42, 43, 44, 45, 46, 47, 48, 49, 50, 51, 52, 53, 54, 55, 56, 57, 58, 59, 60, 61, 62, 63, 64, 65, 66, 67, 68, 69, 70, 71, 72, 73, 74, 75, 76, 77, 78, 79, 80, 81, 82, 83, 84, 85, 86, 87, 88, 89, 90, 91, 92, 93, 94, 95, 96, 97, 98, 99, 100, 101, 102, 103, 104, 105, 106, 107, 108, 109, 110, 111, 112, 113, 114, 115, 116, 117, 118, 119, 120, 121, 122, 123, 124, 125, 126, 127, 128, 129, 130, 131, 132, 133, 134, 135, 136, 137, 138, 139, 140, 141, 142, 143, 144, 145, 146, 147, 148, 149, 150, 151, 152, 153, 154, 155, 156, 157, 158, 159, 160, 161, 162, 163, 164, 165, 166, 167, 168, 169, 170, 171, 172, 173, 174, 175, 176, 177, 178, 179, 180, 181, 182, 183, 184, 185, 186, 187, 188, 189, 190, 191, 192, 193, 194, 195, 196, 197, 198, 199, 200]
[2026-10-07 20:12:37]   Filas ya enriquecidas en CSV: 59
[2026-10-07 20:12:37]   
[2026-10-07 20:12:37]   Página inicial a procesar: 201
[2026-10-07 20:12:37]   
[2026-10-07 20:12:37]   ==================================================
[2026-10-07 20:12:37]   Corrida terminada.
[2026-10-07 20:12:37]     Guardadas (casa/dpto): 0
[2026-10-07 20:12:37]     Omitidas (no habit.):  0
[2026-10-07 20:12:37]     Fallidas:              0
[2026-10-07 20:12:37]     ---
[2026-10-07 20:12:37]     Total URLs done:       59
[2026-10-07 20:12:37]     Total omitidas:        0
[2026-10-07 20:12:37]     Total fallidas:        0
[2026-10-07 20:12:37]     Páginas completas:     200
[2026-10-07 20:12:37]     CSV: D:\Proyectos_personales\Zacah_Valuer\data\bronze\casas_gam_full.csv
[2026-10-07 20:12:37]   ==================================================
[2026-10-07 20:12:37]     Corrida tomó 0.1 min
[2026-10-07 20:12:37]     Estado después: páginas done: 200 | URLs done: 59 | skipped: 0 | failed: 0
[2026-10-07 20:12:37] Durmiendo 0.5 minutos...
[2026-10-07 20:13:07] --- Corrida #12 ---
[2026-10-07 20:13:07]     Estado actual: páginas done: 200 | URLs done: 59 | skipped: 0 | failed: 0
[2026-10-07 20:13:11]   URLs done: 59 | skipped: 0 | failed: 0
[2026-10-07 20:13:11]   Páginas completadas: 200 -> [1, 2, 3, 4, 5, 6, 7, 8, 9, 10, 11, 12, 13, 14, 15, 16, 17, 18, 19, 20, 21, 22, 23, 24, 25, 26, 27, 28, 29, 30, 31, 32, 33, 34, 35, 36, 37, 38, 39, 40, 41, 42, 43, 44, 45, 46, 47, 48, 49, 50, 51, 52, 53, 54, 55, 56, 57, 58, 59, 60, 61, 62, 63, 64, 65, 66, 67, 68, 69, 70, 71, 72, 73, 74, 75, 76, 77, 78, 79, 80, 81, 82, 83, 84, 85, 86, 87, 88, 89, 90, 91, 92, 93, 94, 95, 96, 97, 98, 99, 100, 101, 102, 103, 104, 105, 106, 107, 108, 109, 110, 111, 112, 113, 114, 115, 116, 117, 118, 119, 120, 121, 122, 123, 124, 125, 126, 127, 128, 129, 130, 131, 132, 133, 134, 135, 136, 137, 138, 139, 140, 141, 142, 143, 144, 145, 146, 147, 148, 149, 150, 151, 152, 153, 154, 155, 156, 157, 158, 159, 160, 161, 162, 163, 164, 165, 166, 167, 168, 169, 170, 171, 172, 173, 174, 175, 176, 177, 178, 179, 180, 181, 182, 183, 184, 185, 186, 187, 188, 189, 190, 191, 192, 193, 194, 195, 196, 197, 198, 199, 200]
[2026-10-07 20:13:11]   Filas ya enriquecidas en CSV: 59
[2026-10-07 20:13:11]   
[2026-10-07 20:13:11]   Página inicial a procesar: 201
[2026-10-07 20:13:11]   
[2026-10-07 20:13:11]   ==================================================
[2026-10-07 20:13:11]   Corrida terminada.
[2026-10-07 20:13:11]     Guardadas (casa/dpto): 0
[2026-10-07 20:13:11]     Omitidas (no habit.):  0
[2026-10-07 20:13:11]     Fallidas:              0
[2026-10-07 20:13:11]     ---
[2026-10-07 20:13:11]     Total URLs done:       59
[2026-10-07 20:13:11]     Total omitidas:        0
[2026-10-07 20:13:11]     Total fallidas:        0
[2026-10-07 20:13:11]     Páginas completas:     200
[2026-10-07 20:13:11]     CSV: D:\Proyectos_personales\Zacah_Valuer\data\bronze\casas_gam_full.csv
[2026-10-07 20:13:11]   ==================================================
[2026-10-07 20:13:11]     Corrida tomó 0.1 min
[2026-10-07 20:13:11]     Estado después: páginas done: 200 | URLs done: 59 | skipped: 0 | failed: 0
[2026-10-07 20:13:11] Durmiendo 0.5 minutos...
[2026-10-07 20:13:41] --- Corrida #13 ---
[2026-10-07 20:13:41]     Estado actual: páginas done: 200 | URLs done: 59 | skipped: 0 | failed: 0
[2026-10-07 20:13:45]   URLs done: 59 | skipped: 0 | failed: 0
[2026-10-07 20:13:45]   Páginas completadas: 200 -> [1, 2, 3, 4, 5, 6, 7, 8, 9, 10, 11, 12, 13, 14, 15, 16, 17, 18, 19, 20, 21, 22, 23, 24, 25, 26, 27, 28, 29, 30, 31, 32, 33, 34, 35, 36, 37, 38, 39, 40, 41, 42, 43, 44, 45, 46, 47, 48, 49, 50, 51, 52, 53, 54, 55, 56, 57, 58, 59, 60, 61, 62, 63, 64, 65, 66, 67, 68, 69, 70, 71, 72, 73, 74, 75, 76, 77, 78, 79, 80, 81, 82, 83, 84, 85, 86, 87, 88, 89, 90, 91, 92, 93, 94, 95, 96, 97, 98, 99, 100, 101, 102, 103, 104, 105, 106, 107, 108, 109, 110, 111, 112, 113, 114, 115, 116, 117, 118, 119, 120, 121, 122, 123, 124, 125, 126, 127, 128, 129, 130, 131, 132, 133, 134, 135, 136, 137, 138, 139, 140, 141, 142, 143, 144, 145, 146, 147, 148, 149, 150, 151, 152, 153, 154, 155, 156, 157, 158, 159, 160, 161, 162, 163, 164, 165, 166, 167, 168, 169, 170, 171, 172, 173, 174, 175, 176, 177, 178, 179, 180, 181, 182, 183, 184, 185, 186, 187, 188, 189, 190, 191, 192, 193, 194, 195, 196, 197, 198, 199, 200]
[2026-10-07 20:13:45]   Filas ya enriquecidas en CSV: 59
[2026-10-07 20:13:45]   
[2026-10-07 20:13:45]   Página inicial a procesar: 201
[2026-10-07 20:13:45]   
[2026-10-07 20:13:45]   ==================================================
[2026-10-07 20:13:45]   Corrida terminada.
[2026-10-07 20:13:45]     Guardadas (casa/dpto): 0
[2026-10-07 20:13:45]     Omitidas (no habit.):  0
[2026-10-07 20:13:45]     Fallidas:              0
[2026-10-07 20:13:45]     ---
[2026-10-07 20:13:45]     Total URLs done:       59
[2026-10-07 20:13:45]     Total omitidas:        0
[2026-10-07 20:13:45]     Total fallidas:        0
[2026-10-07 20:13:45]     Páginas completas:     200
[2026-10-07 20:13:45]     CSV: D:\Proyectos_personales\Zacah_Valuer\data\bronze\casas_gam_full.csv
[2026-10-07 20:13:45]   ==================================================
[2026-10-07 20:13:45]     Corrida tomó 0.1 min
[2026-10-07 20:13:45]     Estado después: páginas done: 200 | URLs done: 59 | skipped: 0 | failed: 0
[2026-10-07 20:13:45] Durmiendo 0.5 minutos...
[2026-10-07 20:14:15] --- Corrida #14 ---
[2026-10-07 20:14:15]     Estado actual: páginas done: 200 | URLs done: 59 | skipped: 0 | failed: 0
[2026-10-07 20:14:19]   URLs done: 59 | skipped: 0 | failed: 0
[2026-10-07 20:14:19]   Páginas completadas: 200 -> [1, 2, 3, 4, 5, 6, 7, 8, 9, 10, 11, 12, 13, 14, 15, 16, 17, 18, 19, 20, 21, 22, 23, 24, 25, 26, 27, 28, 29, 30, 31, 32, 33, 34, 35, 36, 37, 38, 39, 40, 41, 42, 43, 44, 45, 46, 47, 48, 49, 50, 51, 52, 53, 54, 55, 56, 57, 58, 59, 60, 61, 62, 63, 64, 65, 66, 67, 68, 69, 70, 71, 72, 73, 74, 75, 76, 77, 78, 79, 80, 81, 82, 83, 84, 85, 86, 87, 88, 89, 90, 91, 92, 93, 94, 95, 96, 97, 98, 99, 100, 101, 102, 103, 104, 105, 106, 107, 108, 109, 110, 111, 112, 113, 114, 115, 116, 117, 118, 119, 120, 121, 122, 123, 124, 125, 126, 127, 128, 129, 130, 131, 132, 133, 134, 135, 136, 137, 138, 139, 140, 141, 142, 143, 144, 145, 146, 147, 148, 149, 150, 151, 152, 153, 154, 155, 156, 157, 158, 159, 160, 161, 162, 163, 164, 165, 166, 167, 168, 169, 170, 171, 172, 173, 174, 175, 176, 177, 178, 179, 180, 181, 182, 183, 184, 185, 186, 187, 188, 189, 190, 191, 192, 193, 194, 195, 196, 197, 198, 199, 200]
[2026-10-07 20:14:19]   Filas ya enriquecidas en CSV: 59
[2026-10-07 20:14:19]   
[2026-10-07 20:14:19]   Página inicial a procesar: 201
[2026-10-07 20:14:19]   
[2026-10-07 20:14:19]   ==================================================
[2026-10-07 20:14:19]   Corrida terminada.
[2026-10-07 20:14:19]     Guardadas (casa/dpto): 0
[2026-10-07 20:14:19]     Omitidas (no habit.):  0
[2026-10-07 20:14:19]     Fallidas:              0
[2026-10-07 20:14:19]     ---
[2026-10-07 20:14:19]     Total URLs done:       59
[2026-10-07 20:14:19]     Total omitidas:        0
[2026-10-07 20:14:19]     Total fallidas:        0
[2026-10-07 20:14:19]     Páginas completas:     200
[2026-10-07 20:14:19]     CSV: D:\Proyectos_personales\Zacah_Valuer\data\bronze\casas_gam_full.csv
[2026-10-07 20:14:19]   ==================================================
[2026-10-07 20:14:19]     Corrida tomó 0.1 min
[2026-10-07 20:14:19]     Estado después: páginas done: 200 | URLs done: 59 | skipped: 0 | failed: 0
[2026-10-07 20:14:19] Durmiendo 0.5 minutos...
[2026-10-07 20:14:49] --- Corrida #15 ---
[2026-10-07 20:14:49]     Estado actual: páginas done: 200 | URLs done: 59 | skipped: 0 | failed: 0
[2026-10-07 20:14:53]   URLs done: 59 | skipped: 0 | failed: 0
[2026-10-07 20:14:53]   Páginas completadas: 200 -> [1, 2, 3, 4, 5, 6, 7, 8, 9, 10, 11, 12, 13, 14, 15, 16, 17, 18, 19, 20, 21, 22, 23, 24, 25, 26, 27, 28, 29, 30, 31, 32, 33, 34, 35, 36, 37, 38, 39, 40, 41, 42, 43, 44, 45, 46, 47, 48, 49, 50, 51, 52, 53, 54, 55, 56, 57, 58, 59, 60, 61, 62, 63, 64, 65, 66, 67, 68, 69, 70, 71, 72, 73, 74, 75, 76, 77, 78, 79, 80, 81, 82, 83, 84, 85, 86, 87, 88, 89, 90, 91, 92, 93, 94, 95, 96, 97, 98, 99, 100, 101, 102, 103, 104, 105, 106, 107, 108, 109, 110, 111, 112, 113, 114, 115, 116, 117, 118, 119, 120, 121, 122, 123, 124, 125, 126, 127, 128, 129, 130, 131, 132, 133, 134, 135, 136, 137, 138, 139, 140, 141, 142, 143, 144, 145, 146, 147, 148, 149, 150, 151, 152, 153, 154, 155, 156, 157, 158, 159, 160, 161, 162, 163, 164, 165, 166, 167, 168, 169, 170, 171, 172, 173, 174, 175, 176, 177, 178, 179, 180, 181, 182, 183, 184, 185, 186, 187, 188, 189, 190, 191, 192, 193, 194, 195, 196, 197, 198, 199, 200]
[2026-10-07 20:14:53]   Filas ya enriquecidas en CSV: 59
[2026-10-07 20:14:53]   
[2026-10-07 20:14:53]   Página inicial a procesar: 201
[2026-10-07 20:14:53]   
[2026-10-07 20:14:53]   ==================================================
[2026-10-07 20:14:53]   Corrida terminada.
[2026-10-07 20:14:53]     Guardadas (casa/dpto): 0
[2026-10-07 20:14:53]     Omitidas (no habit.):  0
[2026-10-07 20:14:53]     Fallidas:              0
[2026-10-07 20:14:53]     ---
[2026-10-07 20:14:53]     Total URLs done:       59
[2026-10-07 20:14:53]     Total omitidas:        0
[2026-10-07 20:14:53]     Total fallidas:        0
[2026-10-07 20:14:53]     Páginas completas:     200
[2026-10-07 20:14:53]     CSV: D:\Proyectos_personales\Zacah_Valuer\data\bronze\casas_gam_full.csv
[2026-10-07 20:14:53]   ==================================================
[2026-10-07 20:14:53]     Corrida tomó 0.1 min
[2026-10-07 20:14:53]     Estado después: páginas done: 200 | URLs done: 59 | skipped: 0 | failed: 0
[2026-10-07 20:14:53] Durmiendo 0.5 minutos...
[2026-10-07 20:15:23] --- Corrida #16 ---
[2026-10-07 20:15:23]     Estado actual: páginas done: 200 | URLs done: 59 | skipped: 0 | failed: 0
[2026-10-07 20:15:27]   URLs done: 59 | skipped: 0 | failed: 0
[2026-10-07 20:15:27]   Páginas completadas: 200 -> [1, 2, 3, 4, 5, 6, 7, 8, 9, 10, 11, 12, 13, 14, 15, 16, 17, 18, 19, 20, 21, 22, 23, 24, 25, 26, 27, 28, 29, 30, 31, 32, 33, 34, 35, 36, 37, 38, 39, 40, 41, 42, 43, 44, 45, 46, 47, 48, 49, 50, 51, 52, 53, 54, 55, 56, 57, 58, 59, 60, 61, 62, 63, 64, 65, 66, 67, 68, 69, 70, 71, 72, 73, 74, 75, 76, 77, 78, 79, 80, 81, 82, 83, 84, 85, 86, 87, 88, 89, 90, 91, 92, 93, 94, 95, 96, 97, 98, 99, 100, 101, 102, 103, 104, 105, 106, 107, 108, 109, 110, 111, 112, 113, 114, 115, 116, 117, 118, 119, 120, 121, 122, 123, 124, 125, 126, 127, 128, 129, 130, 131, 132, 133, 134, 135, 136, 137, 138, 139, 140, 141, 142, 143, 144, 145, 146, 147, 148, 149, 150, 151, 152, 153, 154, 155, 156, 157, 158, 159, 160, 161, 162, 163, 164, 165, 166, 167, 168, 169, 170, 171, 172, 173, 174, 175, 176, 177, 178, 179, 180, 181, 182, 183, 184, 185, 186, 187, 188, 189, 190, 191, 192, 193, 194, 195, 196, 197, 198, 199, 200]
[2026-10-07 20:15:27]   Filas ya enriquecidas en CSV: 59
[2026-10-07 20:15:27]   
[2026-10-07 20:15:27]   Página inicial a procesar: 201
[2026-10-07 20:15:27]   
[2026-10-07 20:15:27]   ==================================================
[2026-10-07 20:15:27]   Corrida terminada.
[2026-10-07 20:15:27]     Guardadas (casa/dpto): 0
[2026-10-07 20:15:27]     Omitidas (no habit.):  0
[2026-10-07 20:15:27]     Fallidas:              0
[2026-10-07 20:15:27]     ---
[2026-10-07 20:15:27]     Total URLs done:       59
[2026-10-07 20:15:27]     Total omitidas:        0
[2026-10-07 20:15:27]     Total fallidas:        0
[2026-10-07 20:15:27]     Páginas completas:     200
[2026-10-07 20:15:27]     CSV: D:\Proyectos_personales\Zacah_Valuer\data\bronze\casas_gam_full.csv
[2026-10-07 20:15:27]   ==================================================
[2026-10-07 20:15:27]     Corrida tomó 0.1 min
[2026-10-07 20:15:27]     Estado después: páginas done: 200 | URLs done: 59 | skipped: 0 | failed: 0
[2026-10-07 20:15:27] Durmiendo 0.5 minutos...
[2026-10-07 20:15:57] --- Corrida #17 ---
[2026-10-07 20:15:57]     Estado actual: páginas done: 200 | URLs done: 59 | skipped: 0 | failed: 0
[2026-10-07 20:16:02]   URLs done: 59 | skipped: 0 | failed: 0
[2026-10-07 20:16:02]   Páginas completadas: 200 -> [1, 2, 3, 4, 5, 6, 7, 8, 9, 10, 11, 12, 13, 14, 15, 16, 17, 18, 19, 20, 21, 22, 23, 24, 25, 26, 27, 28, 29, 30, 31, 32, 33, 34, 35, 36, 37, 38, 39, 40, 41, 42, 43, 44, 45, 46, 47, 48, 49, 50, 51, 52, 53, 54, 55, 56, 57, 58, 59, 60, 61, 62, 63, 64, 65, 66, 67, 68, 69, 70, 71, 72, 73, 74, 75, 76, 77, 78, 79, 80, 81, 82, 83, 84, 85, 86, 87, 88, 89, 90, 91, 92, 93, 94, 95, 96, 97, 98, 99, 100, 101, 102, 103, 104, 105, 106, 107, 108, 109, 110, 111, 112, 113, 114, 115, 116, 117, 118, 119, 120, 121, 122, 123, 124, 125, 126, 127, 128, 129, 130, 131, 132, 133, 134, 135, 136, 137, 138, 139, 140, 141, 142, 143, 144, 145, 146, 147, 148, 149, 150, 151, 152, 153, 154, 155, 156, 157, 158, 159, 160, 161, 162, 163, 164, 165, 166, 167, 168, 169, 170, 171, 172, 173, 174, 175, 176, 177, 178, 179, 180, 181, 182, 183, 184, 185, 186, 187, 188, 189, 190, 191, 192, 193, 194, 195, 196, 197, 198, 199, 200]
[2026-10-07 20:16:02]   Filas ya enriquecidas en CSV: 59
[2026-10-07 20:16:02]   
[2026-10-07 20:16:02]   Página inicial a procesar: 201
[2026-10-07 20:16:02]   
[2026-10-07 20:16:02]   ==================================================
[2026-10-07 20:16:02]   Corrida terminada.
[2026-10-07 20:16:02]     Guardadas (casa/dpto): 0
[2026-10-07 20:16:02]     Omitidas (no habit.):  0
[2026-10-07 20:16:02]     Fallidas:              0
[2026-10-07 20:16:02]     ---
[2026-10-07 20:16:02]     Total URLs done:       59
[2026-10-07 20:16:02]     Total omitidas:        0
[2026-10-07 20:16:02]     Total fallidas:        0
[2026-10-07 20:16:02]     Páginas completas:     200
[2026-10-07 20:16:02]     CSV: D:\Proyectos_personales\Zacah_Valuer\data\bronze\casas_gam_full.csv
[2026-10-07 20:16:02]   ==================================================
[2026-10-07 20:16:02]     Corrida tomó 0.1 min
[2026-10-07 20:16:02]     Estado después: páginas done: 200 | URLs done: 59 | skipped: 0 | failed: 0
[2026-10-07 20:16:02] Durmiendo 0.5 minutos...
[2026-10-07 20:16:32] --- Corrida #18 ---
[2026-10-07 20:16:32]     Estado actual: páginas done: 200 | URLs done: 59 | skipped: 0 | failed: 0
[2026-10-07 20:16:36]   URLs done: 59 | skipped: 0 | failed: 0
[2026-10-07 20:16:36]   Páginas completadas: 200 -> [1, 2, 3, 4, 5, 6, 7, 8, 9, 10, 11, 12, 13, 14, 15, 16, 17, 18, 19, 20, 21, 22, 23, 24, 25, 26, 27, 28, 29, 30, 31, 32, 33, 34, 35, 36, 37, 38, 39, 40, 41, 42, 43, 44, 45, 46, 47, 48, 49, 50, 51, 52, 53, 54, 55, 56, 57, 58, 59, 60, 61, 62, 63, 64, 65, 66, 67, 68, 69, 70, 71, 72, 73, 74, 75, 76, 77, 78, 79, 80, 81, 82, 83, 84, 85, 86, 87, 88, 89, 90, 91, 92, 93, 94, 95, 96, 97, 98, 99, 100, 101, 102, 103, 104, 105, 106, 107, 108, 109, 110, 111, 112, 113, 114, 115, 116, 117, 118, 119, 120, 121, 122, 123, 124, 125, 126, 127, 128, 129, 130, 131, 132, 133, 134, 135, 136, 137, 138, 139, 140, 141, 142, 143, 144, 145, 146, 147, 148, 149, 150, 151, 152, 153, 154, 155, 156, 157, 158, 159, 160, 161, 162, 163, 164, 165, 166, 167, 168, 169, 170, 171, 172, 173, 174, 175, 176, 177, 178, 179, 180, 181, 182, 183, 184, 185, 186, 187, 188, 189, 190, 191, 192, 193, 194, 195, 196, 197, 198, 199, 200]
[2026-10-07 20:16:36]   Filas ya enriquecidas en CSV: 59
[2026-10-07 20:16:36]   
[2026-10-07 20:16:36]   Página inicial a procesar: 201
[2026-10-07 20:16:36]   
[2026-10-07 20:16:36]   ==================================================
[2026-10-07 20:16:36]   Corrida terminada.
[2026-10-07 20:16:36]     Guardadas (casa/dpto): 0
[2026-10-07 20:16:36]     Omitidas (no habit.):  0
[2026-10-07 20:16:36]     Fallidas:              0
[2026-10-07 20:16:36]     ---
[2026-10-07 20:16:36]     Total URLs done:       59
[2026-10-07 20:16:36]     Total omitidas:        0
[2026-10-07 20:16:36]     Total fallidas:        0
[2026-10-07 20:16:36]     Páginas completas:     200
[2026-10-07 20:16:36]     CSV: D:\Proyectos_personales\Zacah_Valuer\data\bronze\casas_gam_full.csv
[2026-10-07 20:16:36]   ==================================================
[2026-10-07 20:16:36]     Corrida tomó 0.1 min
[2026-10-07 20:16:36]     Estado después: páginas done: 200 | URLs done: 59 | skipped: 0 | failed: 0
[2026-10-07 20:16:36] Durmiendo 0.5 minutos...
[2026-10-07 20:17:06] --- Corrida #19 ---
[2026-10-07 20:17:06]     Estado actual: páginas done: 200 | URLs done: 59 | skipped: 0 | failed: 0
[2026-10-07 20:17:10]   URLs done: 59 | skipped: 0 | failed: 0
[2026-10-07 20:17:10]   Páginas completadas: 200 -> [1, 2, 3, 4, 5, 6, 7, 8, 9, 10, 11, 12, 13, 14, 15, 16, 17, 18, 19, 20, 21, 22, 23, 24, 25, 26, 27, 28, 29, 30, 31, 32, 33, 34, 35, 36, 37, 38, 39, 40, 41, 42, 43, 44, 45, 46, 47, 48, 49, 50, 51, 52, 53, 54, 55, 56, 57, 58, 59, 60, 61, 62, 63, 64, 65, 66, 67, 68, 69, 70, 71, 72, 73, 74, 75, 76, 77, 78, 79, 80, 81, 82, 83, 84, 85, 86, 87, 88, 89, 90, 91, 92, 93, 94, 95, 96, 97, 98, 99, 100, 101, 102, 103, 104, 105, 106, 107, 108, 109, 110, 111, 112, 113, 114, 115, 116, 117, 118, 119, 120, 121, 122, 123, 124, 125, 126, 127, 128, 129, 130, 131, 132, 133, 134, 135, 136, 137, 138, 139, 140, 141, 142, 143, 144, 145, 146, 147, 148, 149, 150, 151, 152, 153, 154, 155, 156, 157, 158, 159, 160, 161, 162, 163, 164, 165, 166, 167, 168, 169, 170, 171, 172, 173, 174, 175, 176, 177, 178, 179, 180, 181, 182, 183, 184, 185, 186, 187, 188, 189, 190, 191, 192, 193, 194, 195, 196, 197, 198, 199, 200]
[2026-10-07 20:17:10]   Filas ya enriquecidas en CSV: 59
[2026-10-07 20:17:10]   
[2026-10-07 20:17:10]   Página inicial a procesar: 201
[2026-10-07 20:17:10]   
[2026-10-07 20:17:10]   ==================================================
[2026-10-07 20:17:10]   Corrida terminada.
[2026-10-07 20:17:10]     Guardadas (casa/dpto): 0
[2026-10-07 20:17:10]     Omitidas (no habit.):  0
[2026-10-07 20:17:10]     Fallidas:              0
[2026-10-07 20:17:10]     ---
[2026-10-07 20:17:10]     Total URLs done:       59
[2026-10-07 20:17:10]     Total omitidas:        0
[2026-10-07 20:17:10]     Total fallidas:        0
[2026-10-07 20:17:10]     Páginas completas:     200
[2026-10-07 20:17:10]     CSV: D:\Proyectos_personales\Zacah_Valuer\data\bronze\casas_gam_full.csv
[2026-10-07 20:17:10]   ==================================================
[2026-10-07 20:17:10]     Corrida tomó 0.1 min
[2026-10-07 20:17:10]     Estado después: páginas done: 200 | URLs done: 59 | skipped: 0 | failed: 0
[2026-10-07 20:17:10] Durmiendo 0.5 minutos...
[2026-10-07 20:17:40] --- Corrida #20 ---
[2026-10-07 20:17:40]     Estado actual: páginas done: 200 | URLs done: 59 | skipped: 0 | failed: 0
[2026-10-07 20:17:44]   URLs done: 59 | skipped: 0 | failed: 0
[2026-10-07 20:17:44]   Páginas completadas: 200 -> [1, 2, 3, 4, 5, 6, 7, 8, 9, 10, 11, 12, 13, 14, 15, 16, 17, 18, 19, 20, 21, 22, 23, 24, 25, 26, 27, 28, 29, 30, 31, 32, 33, 34, 35, 36, 37, 38, 39, 40, 41, 42, 43, 44, 45, 46, 47, 48, 49, 50, 51, 52, 53, 54, 55, 56, 57, 58, 59, 60, 61, 62, 63, 64, 65, 66, 67, 68, 69, 70, 71, 72, 73, 74, 75, 76, 77, 78, 79, 80, 81, 82, 83, 84, 85, 86, 87, 88, 89, 90, 91, 92, 93, 94, 95, 96, 97, 98, 99, 100, 101, 102, 103, 104, 105, 106, 107, 108, 109, 110, 111, 112, 113, 114, 115, 116, 117, 118, 119, 120, 121, 122, 123, 124, 125, 126, 127, 128, 129, 130, 131, 132, 133, 134, 135, 136, 137, 138, 139, 140, 141, 142, 143, 144, 145, 146, 147, 148, 149, 150, 151, 152, 153, 154, 155, 156, 157, 158, 159, 160, 161, 162, 163, 164, 165, 166, 167, 168, 169, 170, 171, 172, 173, 174, 175, 176, 177, 178, 179, 180, 181, 182, 183, 184, 185, 186, 187, 188, 189, 190, 191, 192, 193, 194, 195, 196, 197, 198, 199, 200]
[2026-10-07 20:17:44]   Filas ya enriquecidas en CSV: 59
[2026-10-07 20:17:44]   
[2026-10-07 20:17:44]   Página inicial a procesar: 201
[2026-10-07 20:17:44]   
[2026-10-07 20:17:44]   ==================================================
[2026-10-07 20:17:44]   Corrida terminada.
[2026-10-07 20:17:44]     Guardadas (casa/dpto): 0
[2026-10-07 20:17:44]     Omitidas (no habit.):  0
[2026-10-07 20:17:44]     Fallidas:              0
[2026-10-07 20:17:44]     ---
[2026-10-07 20:17:44]     Total URLs done:       59
[2026-10-07 20:17:44]     Total omitidas:        0
[2026-10-07 20:17:44]     Total fallidas:        0
[2026-10-07 20:17:44]     Páginas completas:     200
[2026-10-07 20:17:44]     CSV: D:\Proyectos_personales\Zacah_Valuer\data\bronze\casas_gam_full.csv
[2026-10-07 20:17:44]   ==================================================
[2026-10-07 20:17:44]     Corrida tomó 0.1 min
[2026-10-07 20:17:44]     Estado después: páginas done: 200 | URLs done: 59 | skipped: 0 | failed: 0
[2026-10-07 20:17:44] Durmiendo 0.5 minutos...
[2026-10-07 20:18:14] --- Corrida #21 ---
[2026-10-07 20:18:14]     Estado actual: páginas done: 200 | URLs done: 59 | skipped: 0 | failed: 0
[2026-10-07 20:18:18]   URLs done: 59 | skipped: 0 | failed: 0
[2026-10-07 20:18:18]   Páginas completadas: 200 -> [1, 2, 3, 4, 5, 6, 7, 8, 9, 10, 11, 12, 13, 14, 15, 16, 17, 18, 19, 20, 21, 22, 23, 24, 25, 26, 27, 28, 29, 30, 31, 32, 33, 34, 35, 36, 37, 38, 39, 40, 41, 42, 43, 44, 45, 46, 47, 48, 49, 50, 51, 52, 53, 54, 55, 56, 57, 58, 59, 60, 61, 62, 63, 64, 65, 66, 67, 68, 69, 70, 71, 72, 73, 74, 75, 76, 77, 78, 79, 80, 81, 82, 83, 84, 85, 86, 87, 88, 89, 90, 91, 92, 93, 94, 95, 96, 97, 98, 99, 100, 101, 102, 103, 104, 105, 106, 107, 108, 109, 110, 111, 112, 113, 114, 115, 116, 117, 118, 119, 120, 121, 122, 123, 124, 125, 126, 127, 128, 129, 130, 131, 132, 133, 134, 135, 136, 137, 138, 139, 140, 141, 142, 143, 144, 145, 146, 147, 148, 149, 150, 151, 152, 153, 154, 155, 156, 157, 158, 159, 160, 161, 162, 163, 164, 165, 166, 167, 168, 169, 170, 171, 172, 173, 174, 175, 176, 177, 178, 179, 180, 181, 182, 183, 184, 185, 186, 187, 188, 189, 190, 191, 192, 193, 194, 195, 196, 197, 198, 199, 200]
[2026-10-07 20:18:18]   Filas ya enriquecidas en CSV: 59
[2026-10-07 20:18:18]   
[2026-10-07 20:18:18]   Página inicial a procesar: 201
[2026-10-07 20:18:18]   
[2026-10-07 20:18:18]   ==================================================
[2026-10-07 20:18:18]   Corrida terminada.
[2026-10-07 20:18:18]     Guardadas (casa/dpto): 0
[2026-10-07 20:18:18]     Omitidas (no habit.):  0
[2026-10-07 20:18:18]     Fallidas:              0
[2026-10-07 20:18:18]     ---
[2026-10-07 20:18:18]     Total URLs done:       59
[2026-10-07 20:18:18]     Total omitidas:        0
[2026-10-07 20:18:18]     Total fallidas:        0
[2026-10-07 20:18:18]     Páginas completas:     200
[2026-10-07 20:18:18]     CSV: D:\Proyectos_personales\Zacah_Valuer\data\bronze\casas_gam_full.csv
[2026-10-07 20:18:18]   ==================================================
[2026-10-07 20:18:18]     Corrida tomó 0.1 min
[2026-10-07 20:18:18]     Estado después: páginas done: 200 | URLs done: 59 | skipped: 0 | failed: 0
[2026-10-07 20:18:18] Durmiendo 0.5 minutos...
[2026-10-07 20:18:48] --- Corrida #22 ---
[2026-10-07 20:18:48]     Estado actual: páginas done: 200 | URLs done: 59 | skipped: 0 | failed: 0
[2026-10-07 20:18:52]   URLs done: 59 | skipped: 0 | failed: 0
[2026-10-07 20:18:52]   Páginas completadas: 200 -> [1, 2, 3, 4, 5, 6, 7, 8, 9, 10, 11, 12, 13, 14, 15, 16, 17, 18, 19, 20, 21, 22, 23, 24, 25, 26, 27, 28, 29, 30, 31, 32, 33, 34, 35, 36, 37, 38, 39, 40, 41, 42, 43, 44, 45, 46, 47, 48, 49, 50, 51, 52, 53, 54, 55, 56, 57, 58, 59, 60, 61, 62, 63, 64, 65, 66, 67, 68, 69, 70, 71, 72, 73, 74, 75, 76, 77, 78, 79, 80, 81, 82, 83, 84, 85, 86, 87, 88, 89, 90, 91, 92, 93, 94, 95, 96, 97, 98, 99, 100, 101, 102, 103, 104, 105, 106, 107, 108, 109, 110, 111, 112, 113, 114, 115, 116, 117, 118, 119, 120, 121, 122, 123, 124, 125, 126, 127, 128, 129, 130, 131, 132, 133, 134, 135, 136, 137, 138, 139, 140, 141, 142, 143, 144, 145, 146, 147, 148, 149, 150, 151, 152, 153, 154, 155, 156, 157, 158, 159, 160, 161, 162, 163, 164, 165, 166, 167, 168, 169, 170, 171, 172, 173, 174, 175, 176, 177, 178, 179, 180, 181, 182, 183, 184, 185, 186, 187, 188, 189, 190, 191, 192, 193, 194, 195, 196, 197, 198, 199, 200]
[2026-10-07 20:18:52]   Filas ya enriquecidas en CSV: 59
[2026-10-07 20:18:52]   
[2026-10-07 20:18:52]   Página inicial a procesar: 201
[2026-10-07 20:18:52]   
[2026-10-07 20:18:52]   ==================================================
[2026-10-07 20:18:52]   Corrida terminada.
[2026-10-07 20:18:52]     Guardadas (casa/dpto): 0
[2026-10-07 20:18:52]     Omitidas (no habit.):  0
[2026-10-07 20:18:52]     Fallidas:              0
[2026-10-07 20:18:52]     ---
[2026-10-07 20:18:52]     Total URLs done:       59
[2026-10-07 20:18:52]     Total omitidas:        0
[2026-10-07 20:18:52]     Total fallidas:        0
[2026-10-07 20:18:52]     Páginas completas:     200
[2026-10-07 20:18:52]     CSV: D:\Proyectos_personales\Zacah_Valuer\data\bronze\casas_gam_full.csv
[2026-10-07 20:18:52]   ==================================================
[2026-10-07 20:18:52]     Corrida tomó 0.1 min
[2026-10-07 20:18:52]     Estado después: páginas done: 200 | URLs done: 59 | skipped: 0 | failed: 0
[2026-10-07 20:18:52] Durmiendo 0.5 minutos...
[2026-10-07 20:19:22] --- Corrida #23 ---
[2026-10-07 20:19:22]     Estado actual: páginas done: 200 | URLs done: 59 | skipped: 0 | failed: 0
[2026-10-07 20:19:27]   URLs done: 59 | skipped: 0 | failed: 0
[2026-10-07 20:19:27]   Páginas completadas: 200 -> [1, 2, 3, 4, 5, 6, 7, 8, 9, 10, 11, 12, 13, 14, 15, 16, 17, 18, 19, 20, 21, 22, 23, 24, 25, 26, 27, 28, 29, 30, 31, 32, 33, 34, 35, 36, 37, 38, 39, 40, 41, 42, 43, 44, 45, 46, 47, 48, 49, 50, 51, 52, 53, 54, 55, 56, 57, 58, 59, 60, 61, 62, 63, 64, 65, 66, 67, 68, 69, 70, 71, 72, 73, 74, 75, 76, 77, 78, 79, 80, 81, 82, 83, 84, 85, 86, 87, 88, 89, 90, 91, 92, 93, 94, 95, 96, 97, 98, 99, 100, 101, 102, 103, 104, 105, 106, 107, 108, 109, 110, 111, 112, 113, 114, 115, 116, 117, 118, 119, 120, 121, 122, 123, 124, 125, 126, 127, 128, 129, 130, 131, 132, 133, 134, 135, 136, 137, 138, 139, 140, 141, 142, 143, 144, 145, 146, 147, 148, 149, 150, 151, 152, 153, 154, 155, 156, 157, 158, 159, 160, 161, 162, 163, 164, 165, 166, 167, 168, 169, 170, 171, 172, 173, 174, 175, 176, 177, 178, 179, 180, 181, 182, 183, 184, 185, 186, 187, 188, 189, 190, 191, 192, 193, 194, 195, 196, 197, 198, 199, 200]
[2026-10-07 20:19:27]   Filas ya enriquecidas en CSV: 59
[2026-10-07 20:19:27]   
[2026-10-07 20:19:27]   Página inicial a procesar: 201
[2026-10-07 20:19:27]   
[2026-10-07 20:19:27]   ==================================================
[2026-10-07 20:19:27]   Corrida terminada.
[2026-10-07 20:19:27]     Guardadas (casa/dpto): 0
[2026-10-07 20:19:27]     Omitidas (no habit.):  0
[2026-10-07 20:19:27]     Fallidas:              0
[2026-10-07 20:19:27]     ---
[2026-10-07 20:19:27]     Total URLs done:       59
[2026-10-07 20:19:27]     Total omitidas:        0
[2026-10-07 20:19:27]     Total fallidas:        0
[2026-10-07 20:19:27]     Páginas completas:     200
[2026-10-07 20:19:27]     CSV: D:\Proyectos_personales\Zacah_Valuer\data\bronze\casas_gam_full.csv
[2026-10-07 20:19:27]   ==================================================
[2026-10-07 20:19:27]     Corrida tomó 0.1 min
[2026-10-07 20:19:27]     Estado después: páginas done: 200 | URLs done: 59 | skipped: 0 | failed: 0
[2026-10-07 20:19:27] Durmiendo 0.5 minutos...
[2026-10-07 20:19:57] --- Corrida #24 ---
[2026-10-07 20:19:57]     Estado actual: páginas done: 200 | URLs done: 59 | skipped: 0 | failed: 0
[2026-10-07 20:20:01]   URLs done: 59 | skipped: 0 | failed: 0
[2026-10-07 20:20:01]   Páginas completadas: 200 -> [1, 2, 3, 4, 5, 6, 7, 8, 9, 10, 11, 12, 13, 14, 15, 16, 17, 18, 19, 20, 21, 22, 23, 24, 25, 26, 27, 28, 29, 30, 31, 32, 33, 34, 35, 36, 37, 38, 39, 40, 41, 42, 43, 44, 45, 46, 47, 48, 49, 50, 51, 52, 53, 54, 55, 56, 57, 58, 59, 60, 61, 62, 63, 64, 65, 66, 67, 68, 69, 70, 71, 72, 73, 74, 75, 76, 77, 78, 79, 80, 81, 82, 83, 84, 85, 86, 87, 88, 89, 90, 91, 92, 93, 94, 95, 96, 97, 98, 99, 100, 101, 102, 103, 104, 105, 106, 107, 108, 109, 110, 111, 112, 113, 114, 115, 116, 117, 118, 119, 120, 121, 122, 123, 124, 125, 126, 127, 128, 129, 130, 131, 132, 133, 134, 135, 136, 137, 138, 139, 140, 141, 142, 143, 144, 145, 146, 147, 148, 149, 150, 151, 152, 153, 154, 155, 156, 157, 158, 159, 160, 161, 162, 163, 164, 165, 166, 167, 168, 169, 170, 171, 172, 173, 174, 175, 176, 177, 178, 179, 180, 181, 182, 183, 184, 185, 186, 187, 188, 189, 190, 191, 192, 193, 194, 195, 196, 197, 198, 199, 200]
[2026-10-07 20:20:01]   Filas ya enriquecidas en CSV: 59
[2026-10-07 20:20:01]   
[2026-10-07 20:20:01]   Página inicial a procesar: 201
[2026-10-07 20:20:01]   
[2026-10-07 20:20:01]   ==================================================
[2026-10-07 20:20:01]   Corrida terminada.
[2026-10-07 20:20:01]     Guardadas (casa/dpto): 0
[2026-10-07 20:20:01]     Omitidas (no habit.):  0
[2026-10-07 20:20:01]     Fallidas:              0
[2026-10-07 20:20:01]     ---
[2026-10-07 20:20:01]     Total URLs done:       59
[2026-10-07 20:20:01]     Total omitidas:        0
[2026-10-07 20:20:01]     Total fallidas:        0
[2026-10-07 20:20:01]     Páginas completas:     200
[2026-10-07 20:20:01]     CSV: D:\Proyectos_personales\Zacah_Valuer\data\bronze\casas_gam_full.csv
[2026-10-07 20:20:01]   ==================================================
[2026-10-07 20:20:01]     Corrida tomó 0.1 min
[2026-10-07 20:20:01]     Estado después: páginas done: 200 | URLs done: 59 | skipped: 0 | failed: 0
[2026-10-07 20:20:01] Durmiendo 0.5 minutos...
